player_id,player_code,gameweek,fixture_id,name,web_name,position_id,selected_by_percent,value,team_id,opponent_id,h_a,kickoff_time,team_score,opponent_score,minutes,goals_scored,assists,clean_sheets,goals_conceded,yellow_cards,red_cards,bonus,bps,total_points,xG,xA,xGI,xGC,DefCon,ict_index,influence,creativity,threat,in_dreamteam,status,news,corners_indirect_freekicks_order,direct_freekicks_order,penalties_order,season
1,154561,1,0,,,0,0.0,6.0,1,0,,,0,0,0,0,0,0,0,0,0,0,0,0,0,0,0,0,0,0,0,0,0,False,a,,0,0,0,2627
2,109745,1,0,,,0,0.0,5.0,1,0,,,0,0,0,0,0,0,0,0,0,0,0,0,0,0,0,0,0,0,0,0,0,False,a,,0,0,0,2627
3,437495,1,0,,,0,0.0,5.0,1,0,,,0,0,0,0,0,0,0,0,0,0,0,0,0,0,0,0,0,0,0,0,0,False,a,,0,0,0,2627
4,226597,1,0,,,0,0.0,8.0,1,0,,,0,0,0,0,0,0,0,0,0,0,0,0,0,0,0,0,0,0,0,0,0,False,a,,0,0,0,2627
5,445122,1,0,,,0,0.0,6.5,1,0,,,0,0,0,0,0,0,0,0,0,0,0,0,0,0,0,0,0,0,0,0,0,False,a,,0,0,0,2627
6,462424,1,0,,,0,0.0,6.0,1,0,,,0,0,0,0,0,0,0,0,0,0,0,0,0,0,0,0,0,0,0,0,0,False,a,,0,0,0,2627
7,499169,1,0,,,0,0.0,5.5,1,0,,,0,0,0,0,0,0,0,0,0,0,0,0,0,0,0,0,0,0,0,0,0,False,a,,0,0,0,2627
8,466075,1,0,,,0,0.0,5.5,1,0,,,0,0,0,0,0,0,0,0,0,0,0,0,0,0,0,0,0,0,0,0,0,False,a,,0,0,0,2627
9,448104,1,0,,,0,0.0,5.5,1,0,,,0,0,0,0,0,0,0,0,0,0,0,0,0,0,0,0,0,0,0,0,0,False,a,,0,0,0,2627
10,198869,1,0,,,0,0.0,5.5,1,0,,,0,0,0,0,0,0,0,0,0,0,0,0,0,0,0,0,0,0,0,0,0,False,a,,0,0,0,2627
11,500040,1,0,,,0,0.0,5.5,1,0,,,0,0,0,0,0,0,0,0,0,0,0,0,0,0,0,0,0,0,0,0,0,False,a,,0,0,0,2627
12,223340,1,0,,,0,0.0,9.5,1,0,,,0,0,0,0,0,0,0,0,0,0,0,0,0,0,0,0,0,0,0,0,0,False,a,,0,0,0,2627
13,204480,1,0,,,0,0.0,7.5,1,0,,,0,0,0,0,0,0,0,0,0,0,0,0,0,0,0,0,0,0,0,0,0,False,a,,0,0,0,2627
14,232413,1,0,,,0,0.0,6.5,1,0,,,0,0,0,0,0,0,0,0,0,0,0,0,0,0,0,0,0,0,0,0,0,False,a,,0,0,0,2627
15,184029,1,0,,,0,0.0,6.5,1,0,,,0,0,0,0,0,0,0,0,0,0,0,0,0,0,0,0,0,0,0,0,0,False,a,,0,0,0,2627
16,248857,1,0,,,0,0.0,6.5,1,0,,,0,0,0,0,0,0,0,0,0,0,0,0,0,0,0,0,0,0,0,0,0,False,a,,0,0,0,2627
17,195384,1,0,,,0,0.0,6.0,1,0,,,0,0,0,0,0,0,0,0,0,0,0,0,0,0,0,0,0,0,0,0,0,False,a,,0,0,0,2627
18,444145,1,0,,,0,0.0,6.5,1,0,,,0,0,0,0,0,0,0,0,0,0,0,0,0,0,0,0,0,0,0,0,0,False,a,,0,0,0,2627
19,481655,1,0,,,0,0.0,5.5,1,0,,,0,0,0,0,0,0,0,0,0,0,0,0,0,0,0,0,0,0,0,0,0,False,a,,0,0,0,2627
20,616077,1,0,,,0,0.0,5.5,1,0,,,0,0,0,0,0,0,0,0,0,0,0,0,0,0,0,0,0,0,0,0,0,False,a,,0,0,0,2627
21,128295,1,0,,,0,0.0,5.0,1,0,,,0,0,0,0,0,0,0,0,0,0,0,0,0,0,0,0,0,0,0,0,0,False,a,,0,0,0,2627
22,499175,1,0,,,0,0.0,5.5,1,0,,,0,0,0,0,0,0,0,0,0,0,0,0,0,0,0,0,0,0,0,0,0,False,a,,0,0,0,2627
23,438098,1,0,,,0,0.0,5.5,1,0,,,0,0,0,0,0,0,0,0,0,0,0,0,0,0,0,0,0,0,0,0,0,False,a,,0,0,0,2627
24,200641,1,0,,,0,0.0,5.5,1,0,,,0,0,0,0,0,0,0,0,0,0,0,0,0,0,0,0,0,0,0,0,0,False,a,,0,0,0,2627
25,224117,1,0,,,0,0.0,7.5,1,0,,,0,0,0,0,0,0,0,0,0,0,0,0,0,0,0,0,0,0,0,0,0,False,a,,0,0,0,2627
26,219847,1,0,,,0,0.0,7.5,1,0,,,0,0,0,0,0,0,0,0,0,0,0,0,0,0,0,0,0,0,0,0,0,False,a,,0,0,0,2627
27,205651,1,0,,,0,0.0,6.0,1,0,,,0,0,0,0,0,0,0,0,0,0,0,0,0,0,0,0,0,0,0,0,0,False,a,,0,0,0,2627
28,98980,1,0,,,0,0.0,5.0,2,0,,,0,0,0,0,0,0,0,0,0,0,0,0,0,0,0,0,0,0,0,0,0,False,a,,0,0,0,2627
29,72147,1,0,,,0,0.0,4.5,2,0,,,0,0,0,0,0,0,0,0,0,0,0,0,0,0,0,0,0,0,0,0,0,False,a,,0,0,0,2627
30,101188,1,0,,,0,0.0,4.5,2,0,,,0,0,0,0,0,0,0,0,0,0,0,0,0,0,0,0,0,0,0,0,0,False,a,,0,0,0,2627
31,199798,1,0,,,0,0.0,4.5,2,0,,,0,0,0,0,0,0,0,0,0,0,0,0,0,0,0,0,0,0,0,0,0,False,a,,0,0,0,2627
32,199796,1,0,,,0,0.0,4.5,2,0,,,0,0,0,0,0,0,0,0,0,0,0,0,0,0,0,0,0,0,0,0,0,False,a,,0,0,0,2627
33,149484,1,0,,,0,0.0,4.5,2,0,,,0,0,0,0,0,0,0,0,0,0,0,0,0,0,0,0,0,0,0,0,0,False,a,,0,0,0,2627
34,244954,1,0,,,0,0.0,4.5,2,0,,,0,0,0,0,0,0,0,0,0,0,0,0,0,0,0,0,0,0,0,0,0,False,a,,0,0,0,2627
35,515597,1,0,,,0,0.0,5.0,2,0,,,0,0,0,0,0,0,0,0,0,0,0,0,0,0,0,0,0,0,0,0,0,False,a,,0,0,0,2627
36,441302,1,0,,,0,0.0,4.5,2,0,,,0,0,0,0,0,0,0,0,0,0,0,0,0,0,0,0,0,0,0,0,0,False,a,,0,0,0,2627
37,184667,1,0,,,0,0.0,4.5,2,0,,,0,0,0,0,0,0,0,0,0,0,0,0,0,0,0,0,0,0,0,0,0,False,a,,0,0,0,2627
38,606798,1,0,,,0,0.0,4.0,2,0,,,0,0,0,0,0,0,0,0,0,0,0,0,0,0,0,0,0,0,0,0,0,False,a,,0,0,0,2627
39,578545,1,0,,,0,0.0,4.0,2,0,,,0,0,0,0,0,0,0,0,0,0,0,0,0,0,0,0,0,0,0,0,0,False,a,,0,0,0,2627
41,195546,1,0,,,0,0.0,6.0,2,0,,,0,0,0,0,0,0,0,0,0,0,0,0,0,0,0,0,0,0,0,0,0,False,a,,0,0,0,2627
42,485337,1,0,,,0,0.0,5.5,2,0,,,0,0,0,0,0,0,0,0,0,0,0,0,0,0,0,0,0,0,0,0,0,False,a,,0,0,0,2627
44,215711,1,0,,,0,0.0,5.5,2,0,,,0,0,0,0,0,0,0,0,0,0,0,0,0,0,0,0,0,0,0,0,0,False,a,,0,0,0,2627
45,122806,1,0,,,0,0.0,5.5,2,0,,,0,0,0,0,0,0,0,0,0,0,0,0,0,0,0,0,0,0,0,0,0,False,a,,0,0,0,2627
46,88894,1,0,,,0,0.0,5.0,2,0,,,0,0,0,0,0,0,0,0,0,0,0,0,0,0,0,0,0,0,0,0,0,False,a,,0,0,0,2627
47,226944,1,0,,,0,0.0,5.0,2,0,,,0,0,0,0,0,0,0,0,0,0,0,0,0,0,0,0,0,0,0,0,0,False,a,,0,0,0,2627
48,449871,1,0,,,0,0.0,5.0,2,0,,,0,0,0,0,0,0,0,0,0,0,0,0,0,0,0,0,0,0,0,0,0,False,a,,0,0,0,2627
49,469247,1,0,,,0,0.0,5.0,2,0,,,0,0,0,0,0,0,0,0,0,0,0,0,0,0,0,0,0,0,0,0,0,False,a,,0,0,0,2627
50,645618,1,0,,,0,0.0,4.5,2,0,,,0,0,0,0,0,0,0,0,0,0,0,0,0,0,0,0,0,0,0,0,0,False,a,,0,0,0,2627
51,577285,1,0,,,0,0.0,4.5,2,0,,,0,0,0,0,0,0,0,0,0,0,0,0,0,0,0,0,0,0,0,0,0,False,a,,0,0,0,2627
52,653481,1,0,,,0,0.0,5.0,2,0,,,0,0,0,0,0,0,0,0,0,0,0,0,0,0,0,0,0,0,0,0,0,False,a,,0,0,0,2627
53,614071,1,0,,,0,0.0,6.0,2,0,,,0,0,0,0,0,0,0,0,0,0,0,0,0,0,0,0,0,0,0,0,0,False,a,,0,0,0,2627
54,448089,1,0,,,0,0.0,5.5,2,0,,,0,0,0,0,0,0,0,0,0,0,0,0,0,0,0,0,0,0,0,0,0,False,a,,0,0,0,2627
55,178301,1,0,,,0,0.0,8.0,2,0,,,0,0,0,0,0,0,0,0,0,0,0,0,0,0,0,0,0,0,0,0,0,False,a,,0,0,0,2627
56,173879,1,0,,,0,0.0,5.5,2,0,,,0,0,0,0,0,0,0,0,0,0,0,0,0,0,0,0,0,0,0,0,0,False,a,,0,0,0,2627
57,457569,1,0,,,0,0.0,4.5,3,0,,,0,0,0,0,0,0,0,0,0,0,0,0,0,0,0,0,0,0,0,0,0,False,a,,0,0,0,2627
58,40383,1,0,,,0,0.0,4.0,3,0,,,0,0,0,0,0,0,0,0,0,0,0,0,0,0,0,0,0,0,0,0,0,False,a,,0,0,0,2627
59,444172,1,0,,,0,0.0,4.0,3,0,,,0,0,0,0,0,0,0,0,0,0,0,0,0,0,0,0,0,0,0,0,0,False,a,,0,0,0,2627
60,463981,1,0,,,0,0.0,5.5,3,0,,,0,0,0,0,0,0,0,0,0,0,0,0,0,0,0,0,0,0,0,0,0,False,a,,0,0,0,2627
61,494521,1,0,,,0,0.0,5.5,3,0,,,0,0,0,0,0,0,0,0,0,0,0,0,0,0,0,0,0,0,0,0,0,False,a,,0,0,0,2627
62,242882,1,0,,,0,0.0,5.0,3,0,,,0,0,0,0,0,0,0,0,0,0,0,0,0,0,0,0,0,0,0,0,0,False,a,,0,0,0,2627
63,620487,1,0,,,0,0.0,5.0,3,0,,,0,0,0,0,0,0,0,0,0,0,0,0,0,0,0,0,0,0,0,0,0,False,a,,0,0,0,2627
64,54469,1,0,,,0,0.0,4.5,3,0,,,0,0,0,0,0,0,0,0,0,0,0,0,0,0,0,0,0,0,0,0,0,False,a,,0,0,0,2627
65,436893,1,0,,,0,0.0,4.5,3,0,,,0,0,0,0,0,0,0,0,0,0,0,0,0,0,0,0,0,0,0,0,0,False,a,,0,0,0,2627
66,575901,1,0,,,0,0.0,4.0,3,0,,,0,0,0,0,0,0,0,0,0,0,0,0,0,0,0,0,0,0,0,0,0,False,a,,0,0,0,2627
67,499604,1,0,,,0,0.0,6.5,3,0,,,0,0,0,0,0,0,0,0,0,0,0,0,0,0,0,0,0,0,0,0,0,False,a,,0,0,0,2627
68,201658,1,0,,,0,0.0,6.0,3,0,,,0,0,0,0,0,0,0,0,0,0,0,0,0,0,0,0,0,0,0,0,0,False,a,,0,0,0,2627
69,503139,1,0,,,0,0.0,6.0,3,0,,,0,0,0,0,0,0,0,0,0,0,0,0,0,0,0,0,0,0,0,0,0,False,a,,0,0,0,2627
70,222683,1,0,,,0,0.0,6.0,3,0,,,0,0,0,0,0,0,0,0,0,0,0,0,0,0,0,0,0,0,0,0,0,False,a,,0,0,0,2627
71,155408,1,0,,,0,0.0,5.0,3,0,,,0,0,0,0,0,0,0,0,0,0,0,0,0,0,0,0,0,0,0,0,0,False,a,,0,0,0,2627
72,496208,1,0,,,0,0.0,5.0,3,0,,,0,0,0,0,0,0,0,0,0,0,0,0,0,0,0,0,0,0,0,0,0,False,a,,0,0,0,2627
73,200785,1,0,,,0,0.0,5.0,3,0,,,0,0,0,0,0,0,0,0,0,0,0,0,0,0,0,0,0,0,0,0,0,False,a,,0,0,0,2627
74,111317,1,0,,,0,0.0,5.0,3,0,,,0,0,0,0,0,0,0,0,0,0,0,0,0,0,0,0,0,0,0,0,0,False,a,,0,0,0,2627
75,158499,1,0,,,0,0.0,5.0,3,0,,,0,0,0,0,0,0,0,0,0,0,0,0,0,0,0,0,0,0,0,0,0,False,a,,0,0,0,2627
76,614574,1,0,,,0,0.0,5.0,3,0,,,0,0,0,0,0,0,0,0,0,0,0,0,0,0,0,0,0,0,0,0,0,False,a,,0,0,0,2627
77,489888,1,0,,,0,0.0,5.0,3,0,,,0,0,0,0,0,0,0,0,0,0,0,0,0,0,0,0,0,0,0,0,0,False,a,,0,0,0,2627
78,560262,1,0,,,0,0.0,7.5,3,0,,,0,0,0,0,0,0,0,0,0,0,0,0,0,0,0,0,0,0,0,0,0,False,a,,0,0,0,2627
79,444102,1,0,,,0,0.0,6.0,3,0,,,0,0,0,0,0,0,0,0,0,0,0,0,0,0,0,0,0,0,0,0,0,False,a,,0,0,0,2627
80,168636,1,0,,,0,0.0,5.5,3,0,,,0,0,0,0,0,0,0,0,0,0,0,0,0,0,0,0,0,0,0,0,0,False,a,,0,0,0,2627
81,561245,1,0,,,0,0.0,6.0,3,0,,,0,0,0,0,0,0,0,0,0,0,0,0,0,0,0,0,0,0,0,0,0,False,a,,0,0,0,2627
82,200720,1,0,,,0,0.0,5.0,4,0,,,0,0,0,0,0,0,0,0,0,0,0,0,0,0,0,0,0,0,0,0,0,False,a,,0,0,0,2627
83,507433,1,0,,,0,0.0,4.5,4,0,,,0,0,0,0,0,0,0,0,0,0,0,0,0,0,0,0,0,0,0,0,0,False,a,,0,0,0,2627
84,432830,1,0,,,0,0.0,5.5,4,0,,,0,0,0,0,0,0,0,0,0,0,0,0,0,0,0,0,0,0,0,0,0,False,a,,0,0,0,2627
85,444765,1,0,,,0,0.0,5.0,4,0,,,0,0,0,0,0,0,0,0,0,0,0,0,0,0,0,0,0,0,0,0,0,False,a,,0,0,0,2627
86,249231,1,0,,,0,0.0,5.5,4,0,,,0,0,0,0,0,0,0,0,0,0,0,0,0,0,0,0,0,0,0,0,0,False,a,,0,0,0,2627
87,191866,1,0,,,0,0.0,4.5,4,0,,,0,0,0,0,0,0,0,0,0,0,0,0,0,0,0,0,0,0,0,0,0,False,a,,0,0,0,2627
88,607464,1,0,,,0,0.0,4.5,4,0,,,0,0,0,0,0,0,0,0,0,0,0,0,0,0,0,0,0,0,0,0,0,False,a,,0,0,0,2627
89,194010,1,0,,,0,0.0,4.5,4,0,,,0,0,0,0,0,0,0,0,0,0,0,0,0,0,0,0,0,0,0,0,0,False,a,,0,0,0,2627
90,472713,1,0,,,0,0.0,4.5,4,0,,,0,0,0,0,0,0,0,0,0,0,0,0,0,0,0,0,0,0,0,0,0,False,a,,0,0,0,2627
91,231065,1,0,,,0,0.0,4.5,4,0,,,0,0,0,0,0,0,0,0,0,0,0,0,0,0,0,0,0,0,0,0,0,False,a,,0,0,0,2627
92,570241,1,0,,,0,0.0,4.5,4,0,,,0,0,0,0,0,0,0,0,0,0,0,0,0,0,0,0,0,0,0,0,0,False,a,,0,0,0,2627
93,513086,1,0,,,0,0.0,4.5,4,0,,,0,0,0,0,0,0,0,0,0,0,0,0,0,0,0,0,0,0,0,0,0,False,a,,0,0,0,2627
94,513418,1,0,,,0,0.0,6.0,4,0,,,0,0,0,0,0,0,0,0,0,0,0,0,0,0,0,0,0,0,0,0,0,False,a,,0,0,0,2627
95,533463,1,0,,,0,0.0,6.5,4,0,,,0,0,0,0,0,0,0,0,0,0,0,0,0,0,0,0,0,0,0,0,0,False,a,,0,0,0,2627
96,440089,1,0,,,0,0.0,5.5,4,0,,,0,0,0,0,0,0,0,0,0,0,0,0,0,0,0,0,0,0,0,0,0,False,a,,0,0,0,2627
97,207283,1,0,,,0,0.0,5.5,4,0,,,0,0,0,0,0,0,0,0,0,0,0,0,0,0,0,0,0,0,0,0,0,False,a,,0,0,0,2627
98,204580,1,0,,,0,0.0,5.0,4,0,,,0,0,0,0,0,0,0,0,0,0,0,0,0,0,0,0,0,0,0,0,0,False,a,,0,0,0,2627
99,543295,1,0,,,0,0.0,5.0,4,0,,,0,0,0,0,0,0,0,0,0,0,0,0,0,0,0,0,0,0,0,0,0,False,a,,0,0,0,2627
100,244858,1,0,,,0,0.0,5.0,4,0,,,0,0,0,0,0,0,0,0,0,0,0,0,0,0,0,0,0,0,0,0,0,False,a,,0,0,0,2627
101,56979,1,0,,,0,0.0,5.0,4,0,,,0,0,0,0,0,0,0,0,0,0,0,0,0,0,0,0,0,0,0,0,0,False,a,,0,0,0,2627
102,508395,1,0,,,0,0.0,5.0,4,0,,,0,0,0,0,0,0,0,0,0,0,0,0,0,0,0,0,0,0,0,0,0,False,a,,0,0,0,2627
103,183656,1,0,,,0,0.0,5.0,4,0,,,0,0,0,0,0,0,0,0,0,0,0,0,0,0,0,0,0,0,0,0,0,False,a,,0,0,0,2627
105,444180,1,0,,,0,0.0,6.0,4,0,,,0,0,0,0,0,0,0,0,0,0,0,0,0,0,0,0,0,0,0,0,0,False,a,,0,0,0,2627
106,502500,1,0,,,0,0.0,8.0,4,0,,,0,0,0,0,0,0,0,0,0,0,0,0,0,0,0,0,0,0,0,0,0,False,a,,0,0,0,2627
107,593174,1,0,,,0,0.0,4.5,4,0,,,0,0,0,0,0,0,0,0,0,0,0,0,0,0,0,0,0,0,0,0,0,False,a,,0,0,0,2627
108,75115,1,0,,,0,0.0,5.5,4,0,,,0,0,0,0,0,0,0,0,0,0,0,0,0,0,0,0,0,0,0,0,0,False,a,,0,0,0,2627
109,489639,1,0,,,0,0.0,4.5,5,0,,,0,0,0,0,0,0,0,0,0,0,0,0,0,0,0,0,0,0,0,0,0,False,a,,0,0,0,2627
110,472739,1,0,,,0,0.0,4.5,5,0,,,0,0,0,0,0,0,0,0,0,0,0,0,0,0,0,0,0,0,0,0,0,False,a,,0,0,0,2627
111,49262,1,0,,,0,0.0,4.0,5,0,,,0,0,0,0,0,0,0,0,0,0,0,0,0,0,0,0,0,0,0,0,0,False,a,,0,0,0,2627
113,231416,1,0,,,0,0.0,4.5,5,0,,,0,0,0,0,0,0,0,0,0,0,0,0,0,0,0,0,0,0,0,0,0,False,a,,0,0,0,2627
114,204120,1,0,,,0,0.0,4.5,5,0,,,0,0,0,0,0,0,0,0,0,0,0,0,0,0,0,0,0,0,0,0,0,False,a,,0,0,0,2627
115,465730,1,0,,,0,0.0,4.5,5,0,,,0,0,0,0,0,0,0,0,0,0,0,0,0,0,0,0,0,0,0,0,0,False,a,,0,0,0,2627
116,83299,1,0,,,0,0.0,4.5,5,0,,,0,0,0,0,0,0,0,0,0,0,0,0,0,0,0,0,0,0,0,0,0,False,a,,0,0,0,2627
117,550090,1,0,,,0,0.0,4.5,5,0,,,0,0,0,0,0,0,0,0,0,0,0,0,0,0,0,0,0,0,0,0,0,False,a,,0,0,0,2627
118,223434,1,0,,,0,0.0,4.5,5,0,,,0,0,0,0,0,0,0,0,0,0,0,0,0,0,0,0,0,0,0,0,0,False,a,,0,0,0,2627
119,451490,1,0,,,0,0.0,4.5,5,0,,,0,0,0,0,0,0,0,0,0,0,0,0,0,0,0,0,0,0,0,0,0,False,a,,0,0,0,2627
120,454490,1,0,,,0,0.0,5.0,5,0,,,0,0,0,0,0,0,0,0,0,0,0,0,0,0,0,0,0,0,0,0,0,False,a,,0,0,0,2627
121,451340,1,0,,,0,0.0,6.0,5,0,,,0,0,0,0,0,0,0,0,0,0,0,0,0,0,0,0,0,0,0,0,0,False,a,,0,0,0,2627
122,592031,1,0,,,0,0.0,6.0,5,0,,,0,0,0,0,0,0,0,0,0,0,0,0,0,0,0,0,0,0,0,0,0,False,a,,0,0,0,2627
123,532529,1,0,,,0,0.0,6.0,5,0,,,0,0,0,0,0,0,0,0,0,0,0,0,0,0,0,0,0,0,0,0,0,False,a,,0,0,0,2627
124,60307,1,0,,,0,0.0,5.5,5,0,,,0,0,0,0,0,0,0,0,0,0,0,0,0,0,0,0,0,0,0,0,0,False,a,,0,0,0,2627
125,463067,1,0,,,0,0.0,5.5,5,0,,,0,0,0,0,0,0,0,0,0,0,0,0,0,0,0,0,0,0,0,0,0,False,a,,0,0,0,2627
126,219249,1,0,,,0,0.0,5.5,5,0,,,0,0,0,0,0,0,0,0,0,0,0,0,0,0,0,0,0,0,0,0,0,False,a,,0,0,0,2627
127,514254,1,0,,,0,0.0,5.0,5,0,,,0,0,0,0,0,0,0,0,0,0,0,0,0,0,0,0,0,0,0,0,0,False,a,,0,0,0,2627
128,536916,1,0,,,0,0.0,5.0,5,0,,,0,0,0,0,0,0,0,0,0,0,0,0,0,0,0,0,0,0,0,0,0,False,a,,0,0,0,2627
129,509416,1,0,,,0,0.0,5.5,5,0,,,0,0,0,0,0,0,0,0,0,0,0,0,0,0,0,0,0,0,0,0,0,False,a,,0,0,0,2627
130,467779,1,0,,,0,0.0,5.0,5,0,,,0,0,0,0,0,0,0,0,0,0,0,0,0,0,0,0,0,0,0,0,0,False,a,,0,0,0,2627
131,535301,1,0,,,0,0.0,5.0,5,0,,,0,0,0,0,0,0,0,0,0,0,0,0,0,0,0,0,0,0,0,0,0,False,a,,0,0,0,2627
132,597320,1,0,,,0,0.0,4.5,5,0,,,0,0,0,0,0,0,0,0,0,0,0,0,0,0,0,0,0,0,0,0,0,False,a,,0,0,0,2627
133,549074,1,0,,,0,0.0,5.0,5,0,,,0,0,0,0,0,0,0,0,0,0,0,0,0,0,0,0,0,0,0,0,0,False,a,,0,0,0,2627
134,556637,1,0,,,0,0.0,4.5,5,0,,,0,0,0,0,0,0,0,0,0,0,0,0,0,0,0,0,0,0,0,0,0,False,a,,0,0,0,2627
135,700308,1,0,,,0,0.0,5.0,5,0,,,0,0,0,0,0,0,0,0,0,0,0,0,0,0,0,0,0,0,0,0,0,False,a,,0,0,0,2627
136,50175,1,0,,,0,0.0,6.0,5,0,,,0,0,0,0,0,0,0,0,0,0,0,0,0,0,0,0,0,0,0,0,0,False,a,,0,0,0,2627
137,608181,1,0,,,0,0.0,5.5,5,0,,,0,0,0,0,0,0,0,0,0,0,0,0,0,0,0,0,0,0,0,0,0,False,a,,0,0,0,2627
138,647850,1,0,,,0,0.0,5.5,5,0,,,0,0,0,0,0,0,0,0,0,0,0,0,0,0,0,0,0,0,0,0,0,False,a,,0,0,0,2627
139,487117,1,0,,,0,0.0,5.0,5,0,,,0,0,0,0,0,0,0,0,0,0,0,0,0,0,0,0,0,0,0,0,0,False,a,,0,0,0,2627
328,222694,1,0,,,0,0.0,5.0,5,0,,,0,0,0,0,0,0,0,0,0,0,0,0,0,0,0,0,0,0,0,0,0,False,a,,0,0,0,2627
504,610799,1,0,,,0,0.0,5.0,5,0,,,0,0,0,0,0,0,0,0,0,0,0,0,0,0,0,0,0,0,0,0,0,False,a,,0,0,0,2627
40,244850,1,0,,,0,0.0,7.5,6,0,,,0,0,0,0,0,0,0,0,0,0,0,0,0,0,0,0,0,0,0,0,0,False,a,,0,0,0,2627
140,215059,1,0,,,0,0.0,5.0,6,0,,,0,0,0,0,0,0,0,0,0,0,0,0,0,0,0,0,0,0,0,0,0,False,a,,0,0,0,2627
141,508479,1,0,,,0,0.0,5.0,6,0,,,0,0,0,0,0,0,0,0,0,0,0,0,0,0,0,0,0,0,0,0,0,False,a,,0,0,0,2627
142,225796,1,0,,,0,0.0,5.5,6,0,,,0,0,0,0,0,0,0,0,0,0,0,0,0,0,0,0,0,0,0,0,0,False,a,,0,0,0,2627
143,180736,1,0,,,0,0.0,5.5,6,0,,,0,0,0,0,0,0,0,0,0,0,0,0,0,0,0,0,0,0,0,0,0,False,a,,0,0,0,2627
144,482609,1,0,,,0,0.0,5.0,6,0,,,0,0,0,0,0,0,0,0,0,0,0,0,0,0,0,0,0,0,0,0,0,False,a,,0,0,0,2627
145,444463,1,0,,,0,0.0,5.0,6,0,,,0,0,0,0,0,0,0,0,0,0,0,0,0,0,0,0,0,0,0,0,0,False,a,,0,0,0,2627
146,242880,1,0,,,0,0.0,4.5,6,0,,,0,0,0,0,0,0,0,0,0,0,0,0,0,0,0,0,0,0,0,0,0,False,a,,0,0,0,2627
147,109646,1,0,,,0,0.0,4.5,6,0,,,0,0,0,0,0,0,0,0,0,0,0,0,0,0,0,0,0,0,0,0,0,False,a,,0,0,0,2627
148,551210,1,0,,,0,0.0,4.5,6,0,,,0,0,0,0,0,0,0,0,0,0,0,0,0,0,0,0,0,0,0,0,0,False,a,,0,0,0,2627
149,460028,1,0,,,0,0.0,5.0,6,0,,,0,0,0,0,0,0,0,0,0,0,0,0,0,0,0,0,0,0,0,0,0,False,a,,0,0,0,2627
150,574458,1,0,,,0,0.0,4.5,6,0,,,0,0,0,0,0,0,0,0,0,0,0,0,0,0,0,0,0,0,0,0,0,False,a,,0,0,0,2627
151,577016,1,0,,,0,0.0,4.5,6,0,,,0,0,0,0,0,0,0,0,0,0,0,0,0,0,0,0,0,0,0,0,0,False,a,,0,0,0,2627
152,620109,1,0,,,0,0.0,5.5,6,0,,,0,0,0,0,0,0,0,0,0,0,0,0,0,0,0,0,0,0,0,0,0,False,a,,0,0,0,2627
153,220362,1,0,,,0,0.0,4.5,6,0,,,0,0,0,0,0,0,0,0,0,0,0,0,0,0,0,0,0,0,0,0,0,False,a,,0,0,0,2627
154,244851,1,0,,,0,0.0,9.5,6,0,,,0,0,0,0,0,0,0,0,0,0,0,0,0,0,0,0,0,0,0,0,0,False,a,,0,0,0,2627
155,448047,1,0,,,0,0.0,7.0,6,0,,,0,0,0,0,0,0,0,0,0,0,0,0,0,0,0,0,0,0,0,0,0,False,a,,0,0,0,2627
156,247632,1,0,,,0,0.0,6.5,6,0,,,0,0,0,0,0,0,0,0,0,0,0,0,0,0,0,0,0,0,0,0,0,False,a,,0,0,0,2627
157,624773,1,0,,,0,0.0,6.5,6,0,,,0,0,0,0,0,0,0,0,0,0,0,0,0,0,0,0,0,0,0,0,0,False,a,,0,0,0,2627
158,463936,1,0,,,0,0.0,6.0,6,0,,,0,0,0,0,0,0,0,0,0,0,0,0,0,0,0,0,0,0,0,0,0,False,a,,0,0,0,2627
159,486672,1,0,,,0,0.0,5.5,6,0,,,0,0,0,0,0,0,0,0,0,0,0,0,0,0,0,0,0,0,0,0,0,False,a,,0,0,0,2627
160,493105,1,0,,,0,0.0,6.0,6,0,,,0,0,0,0,0,0,0,0,0,0,0,0,0,0,0,0,0,0,0,0,0,False,a,,0,0,0,2627
161,514356,1,0,,,0,0.0,5.0,6,0,,,0,0,0,0,0,0,0,0,0,0,0,0,0,0,0,0,0,0,0,0,0,False,a,,0,0,0,2627
163,491007,1,0,,,0,0.0,4.5,6,0,,,0,0,0,0,0,0,0,0,0,0,0,0,0,0,0,0,0,0,0,0,0,False,a,,0,0,0,2627
164,593117,1,0,,,0,0.0,5.5,6,0,,,0,0,0,0,0,0,0,0,0,0,0,0,0,0,0,0,0,0,0,0,0,False,a,,0,0,0,2627
165,475168,1,0,,,0,0.0,7.5,6,0,,,0,0,0,0,0,0,0,0,0,0,0,0,0,0,0,0,0,0,0,0,0,False,a,,0,0,0,2627
166,517052,1,0,,,0,0.0,6.5,6,0,,,0,0,0,0,0,0,0,0,0,0,0,0,0,0,0,0,0,0,0,0,0,False,a,,0,0,0,2627
167,463034,1,0,,,0,0.0,5.5,6,0,,,0,0,0,0,0,0,0,0,0,0,0,0,0,0,0,0,0,0,0,0,0,False,a,,0,0,0,2627
168,499309,1,0,,,0,0.0,5.0,6,0,,,0,0,0,0,0,0,0,0,0,0,0,0,0,0,0,0,0,0,0,0,0,False,a,,0,0,0,2627
169,567119,1,0,,,0,0.0,4.5,6,0,,,0,0,0,0,0,0,0,0,0,0,0,0,0,0,0,0,0,0,0,0,0,False,a,,0,0,0,2627
170,503037,1,0,,,0,0.0,5.0,6,0,,,0,0,0,0,0,0,0,0,0,0,0,0,0,0,0,0,0,0,0,0,0,False,a,,0,0,0,2627
104,428580,1,0,,,0,0.0,5.0,7,0,,,0,0,0,0,0,0,0,0,0,0,0,0,0,0,0,0,0,0,0,0,0,False,a,,0,0,0,2627
171,484389,1,0,,,0,0.0,4.0,7,0,,,0,0,0,0,0,0,0,0,0,0,0,0,0,0,0,0,0,0,0,0,0,False,a,,0,0,0,2627
172,110690,1,0,,,0,0.0,4.5,7,0,,,0,0,0,0,0,0,0,0,0,0,0,0,0,0,0,0,0,0,0,0,0,False,a,,0,0,0,2627
173,461102,1,0,,,0,0.0,4.0,7,0,,,0,0,0,0,0,0,0,0,0,0,0,0,0,0,0,0,0,0,0,0,0,False,a,,0,0,0,2627
174,436761,1,0,,,0,0.0,4.0,7,0,,,0,0,0,0,0,0,0,0,0,0,0,0,0,0,0,0,0,0,0,0,0,False,a,,0,0,0,2627
175,451284,1,0,,,0,0.0,4.0,7,0,,,0,0,0,0,0,0,0,0,0,0,0,0,0,0,0,0,0,0,0,0,0,False,a,,0,0,0,2627
176,173878,1,0,,,0,0.0,4.0,7,0,,,0,0,0,0,0,0,0,0,0,0,0,0,0,0,0,0,0,0,0,0,0,False,a,,0,0,0,2627
177,465390,1,0,,,0,0.0,4.0,7,0,,,0,0,0,0,0,0,0,0,0,0,0,0,0,0,0,0,0,0,0,0,0,False,a,,0,0,0,2627
178,80178,1,0,,,0,0.0,4.0,7,0,,,0,0,0,0,0,0,0,0,0,0,0,0,0,0,0,0,0,0,0,0,0,False,a,,0,0,0,2627
179,204813,1,0,,,0,0.0,4.0,7,0,,,0,0,0,0,0,0,0,0,0,0,0,0,0,0,0,0,0,0,0,0,0,False,a,,0,0,0,2627
180,220583,1,0,,,0,0.0,4.0,7,0,,,0,0,0,0,0,0,0,0,0,0,0,0,0,0,0,0,0,0,0,0,0,False,a,,0,0,0,2627
181,577411,1,0,,,0,0.0,4.0,7,0,,,0,0,0,0,0,0,0,0,0,0,0,0,0,0,0,0,0,0,0,0,0,False,a,,0,0,0,2627
182,539142,1,0,,,0,0.0,4.0,7,0,,,0,0,0,0,0,0,0,0,0,0,0,0,0,0,0,0,0,0,0,0,0,False,a,,0,0,0,2627
183,480457,1,0,,,0,0.0,5.0,7,0,,,0,0,0,0,0,0,0,0,0,0,0,0,0,0,0,0,0,0,0,0,0,False,a,,0,0,0,2627
184,168144,1,0,,,0,0.0,5.0,7,0,,,0,0,0,0,0,0,0,0,0,0,0,0,0,0,0,0,0,0,0,0,0,False,a,,0,0,0,2627
185,501459,1,0,,,0,0.0,5.0,7,0,,,0,0,0,0,0,0,0,0,0,0,0,0,0,0,0,0,0,0,0,0,0,False,a,,0,0,0,2627
186,241293,1,0,,,0,0.0,5.5,7,0,,,0,0,0,0,0,0,0,0,0,0,0,0,0,0,0,0,0,0,0,0,0,False,a,,0,0,0,2627
187,439668,1,0,,,0,0.0,5.0,7,0,,,0,0,0,0,0,0,0,0,0,0,0,0,0,0,0,0,0,0,0,0,0,False,a,,0,0,0,2627
188,226965,1,0,,,0,0.0,5.5,7,0,,,0,0,0,0,0,0,0,0,0,0,0,0,0,0,0,0,0,0,0,0,0,False,a,,0,0,0,2627
189,684268,1,0,,,0,0.0,4.5,7,0,,,0,0,0,0,0,0,0,0,0,0,0,0,0,0,0,0,0,0,0,0,0,False,a,,0,0,0,2627
190,469272,1,0,,,0,0.0,5.5,7,0,,,0,0,0,0,0,0,0,0,0,0,0,0,0,0,0,0,0,0,0,0,0,False,a,,0,0,0,2627
191,492498,1,0,,,0,0.0,4.5,7,0,,,0,0,0,0,0,0,0,0,0,0,0,0,0,0,0,0,0,0,0,0,0,False,a,,0,0,0,2627
192,629397,1,0,,,0,0.0,4.5,7,0,,,0,0,0,0,0,0,0,0,0,0,0,0,0,0,0,0,0,0,0,0,0,False,a,,0,0,0,2627
193,176412,1,0,,,0,0.0,5.5,7,0,,,0,0,0,0,0,0,0,0,0,0,0,0,0,0,0,0,0,0,0,0,0,False,a,,0,0,0,2627
194,230730,1,0,,,0,0.0,5.0,7,0,,,0,0,0,0,0,0,0,0,0,0,0,0,0,0,0,0,0,0,0,0,0,False,a,,0,0,0,2627
195,218997,1,0,,,0,0.0,5.0,7,0,,,0,0,0,0,0,0,0,0,0,0,0,0,0,0,0,0,0,0,0,0,0,False,a,,0,0,0,2627
196,551262,1,0,,,0,0.0,5.0,7,0,,,0,0,0,0,0,0,0,0,0,0,0,0,0,0,0,0,0,0,0,0,0,False,a,,0,0,0,2627
197,549653,1,0,,,0,0.0,4.5,7,0,,,0,0,0,0,0,0,0,0,0,0,0,0,0,0,0,0,0,0,0,0,0,False,a,,0,0,0,2627
198,172649,1,0,,,0,0.0,5.0,8,0,,,0,0,0,0,0,0,0,0,0,0,0,0,0,0,0,0,0,0,0,0,0,False,a,,0,0,0,2627
199,121709,1,0,,,0,0.0,4.5,8,0,,,0,0,0,0,0,0,0,0,0,0,0,0,0,0,0,0,0,0,0,0,0,False,a,,0,0,0,2627
200,437499,1,0,,,0,0.0,6.0,8,0,,,0,0,0,0,0,0,0,0,0,0,0,0,0,0,0,0,0,0,0,0,0,False,a,,0,0,0,2627
201,247348,1,0,,,0,0.0,5.5,8,0,,,0,0,0,0,0,0,0,0,0,0,0,0,0,0,0,0,0,0,0,0,0,False,a,,0,0,0,2627
202,427623,1,0,,,0,0.0,5.0,8,0,,,0,0,0,0,0,0,0,0,0,0,0,0,0,0,0,0,0,0,0,0,0,False,a,,0,0,0,2627
203,651426,1,0,,,0,0.0,5.0,8,0,,,0,0,0,0,0,0,0,0,0,0,0,0,0,0,0,0,0,0,0,0,0,False,a,,0,0,0,2627
204,244723,1,0,,,0,0.0,4.5,8,0,,,0,0,0,0,0,0,0,0,0,0,0,0,0,0,0,0,0,0,0,0,0,False,a,,0,0,0,2627
205,218364,1,0,,,0,0.0,4.5,8,0,,,0,0,0,0,0,0,0,0,0,0,0,0,0,0,0,0,0,0,0,0,0,False,a,,0,0,0,2627
206,515621,1,0,,,0,0.0,4.5,8,0,,,0,0,0,0,0,0,0,0,0,0,0,0,0,0,0,0,0,0,0,0,0,False,a,,0,0,0,2627
207,242313,1,0,,,0,0.0,4.5,8,0,,,0,0,0,0,0,0,0,0,0,0,0,0,0,0,0,0,0,0,0,0,0,False,a,,0,0,0,2627
208,232185,1,0,,,0,0.0,6.5,8,0,,,0,0,0,0,0,0,0,0,0,0,0,0,0,0,0,0,0,0,0,0,0,False,a,,0,0,0,2627
209,242898,1,0,,,0,0.0,6.0,8,0,,,0,0,0,0,0,0,0,0,0,0,0,0,0,0,0,0,0,0,0,0,0,False,a,,0,0,0,2627
210,496221,1,0,,,0,0.0,5.5,8,0,,,0,0,0,0,0,0,0,0,0,0,0,0,0,0,0,0,0,0,0,0,0,False,a,,0,0,0,2627
211,488024,1,0,,,0,0.0,5.5,8,0,,,0,0,0,0,0,0,0,0,0,0,0,0,0,0,0,0,0,0,0,0,0,False,a,,0,0,0,2627
212,108413,1,0,,,0,0.0,4.5,8,0,,,0,0,0,0,0,0,0,0,0,0,0,0,0,0,0,0,0,0,0,0,0,False,a,,0,0,0,2627
213,152551,1,0,,,0,0.0,5.0,8,0,,,0,0,0,0,0,0,0,0,0,0,0,0,0,0,0,0,0,0,0,0,0,False,a,,0,0,0,2627
214,209400,1,0,,,0,0.0,5.0,8,0,,,0,0,0,0,0,0,0,0,0,0,0,0,0,0,0,0,0,0,0,0,0,False,a,,0,0,0,2627
215,489706,1,0,,,0,0.0,5.0,8,0,,,0,0,0,0,0,0,0,0,0,0,0,0,0,0,0,0,0,0,0,0,0,False,a,,0,0,0,2627
216,606921,1,0,,,0,0.0,5.0,8,0,,,0,0,0,0,0,0,0,0,0,0,0,0,0,0,0,0,0,0,0,0,0,False,a,,0,0,0,2627
217,536694,1,0,,,0,0.0,5.0,8,0,,,0,0,0,0,0,0,0,0,0,0,0,0,0,0,0,0,0,0,0,0,0,False,a,,0,0,0,2627
218,438464,1,0,,,0,0.0,5.0,8,0,,,0,0,0,0,0,0,0,0,0,0,0,0,0,0,0,0,0,0,0,0,0,False,a,,0,0,0,2627
219,450542,1,0,,,0,0.0,5.0,8,0,,,0,0,0,0,0,0,0,0,0,0,0,0,0,0,0,0,0,0,0,0,0,False,a,,0,0,0,2627
220,590014,1,0,,,0,0.0,4.5,8,0,,,0,0,0,0,0,0,0,0,0,0,0,0,0,0,0,0,0,0,0,0,0,False,a,,0,0,0,2627
221,672492,1,0,,,0,0.0,4.5,8,0,,,0,0,0,0,0,0,0,0,0,0,0,0,0,0,0,0,0,0,0,0,0,False,a,,0,0,0,2627
222,247412,1,0,,,0,0.0,6.0,8,0,,,0,0,0,0,0,0,0,0,0,0,0,0,0,0,0,0,0,0,0,0,0,False,a,,0,0,0,2627
223,231747,1,0,,,0,0.0,6.5,8,0,,,0,0,0,0,0,0,0,0,0,0,0,0,0,0,0,0,0,0,0,0,0,False,a,,0,0,0,2627
224,205533,1,0,,,0,0.0,5.5,8,0,,,0,0,0,0,0,0,0,0,0,0,0,0,0,0,0,0,0,0,0,0,0,False,a,,0,0,0,2627
225,660392,1,0,,,0,0.0,5.0,8,0,,,0,0,0,0,0,0,0,0,0,0,0,0,0,0,0,0,0,0,0,0,0,False,a,,0,0,0,2627
555,169593,1,0,,,0,0.0,4.0,8,0,,,0,0,0,0,0,0,0,0,0,0,0,0,0,0,0,0,0,0,0,0,0,False,a,,0,0,0,2627
226,111234,1,0,,,0,0.0,5.5,9,0,,,0,0,0,0,0,0,0,0,0,0,0,0,0,0,0,0,0,0,0,0,0,False,a,,0,0,0,2627
227,229600,1,0,,,0,0.0,5.0,9,0,,,0,0,0,0,0,0,0,0,0,0,0,0,0,0,0,0,0,0,0,0,0,False,a,,0,0,0,2627
228,138001,1,0,,,0,0.0,4.5,9,0,,,0,0,0,0,0,0,0,0,0,0,0,0,0,0,0,0,0,0,0,0,0,False,a,,0,0,0,2627
229,17761,1,0,,,0,0.0,6.0,9,0,,,0,0,0,0,0,0,0,0,0,0,0,0,0,0,0,0,0,0,0,0,0,False,a,,0,0,0,2627
230,480455,1,0,,,0,0.0,5.5,9,0,,,0,0,0,0,0,0,0,0,0,0,0,0,0,0,0,0,0,0,0,0,0,False,a,,0,0,0,2627
231,106611,1,0,,,0,0.0,5.0,9,0,,,0,0,0,0,0,0,0,0,0,0,0,0,0,0,0,0,0,0,0,0,0,False,a,,0,0,0,2627
232,512462,1,0,,,0,0.0,5.0,9,0,,,0,0,0,0,0,0,0,0,0,0,0,0,0,0,0,0,0,0,0,0,0,False,a,,0,0,0,2627
233,224967,1,0,,,0,0.0,4.5,9,0,,,0,0,0,0,0,0,0,0,0,0,0,0,0,0,0,0,0,0,0,0,0,False,a,,0,0,0,2627
234,243571,1,0,,,0,0.0,4.5,9,0,,,0,0,0,0,0,0,0,0,0,0,0,0,0,0,0,0,0,0,0,0,0,False,a,,0,0,0,2627
235,499300,1,0,,,0,0.0,4.0,9,0,,,0,0,0,0,0,0,0,0,0,0,0,0,0,0,0,0,0,0,0,0,0,False,a,,0,0,0,2627
236,215413,1,0,,,0,0.0,6.5,9,0,,,0,0,0,0,0,0,0,0,0,0,0,0,0,0,0,0,0,0,0,0,0,False,a,,0,0,0,2627
237,440993,1,0,,,0,0.0,6.0,9,0,,,0,0,0,0,0,0,0,0,0,0,0,0,0,0,0,0,0,0,0,0,0,False,a,,0,0,0,2627
239,232928,1,0,,,0,0.0,6.0,9,0,,,0,0,0,0,0,0,0,0,0,0,0,0,0,0,0,0,0,0,0,0,0,False,a,,0,0,0,2627
240,490094,1,0,,,0,0.0,5.0,9,0,,,0,0,0,0,0,0,0,0,0,0,0,0,0,0,0,0,0,0,0,0,0,False,a,,0,0,0,2627
241,433154,1,0,,,0,0.0,5.5,9,0,,,0,0,0,0,0,0,0,0,0,0,0,0,0,0,0,0,0,0,0,0,0,False,a,,0,0,0,2627
242,550615,1,0,,,0,0.0,5.5,9,0,,,0,0,0,0,0,0,0,0,0,0,0,0,0,0,0,0,0,0,0,0,0,False,a,,0,0,0,2627
243,502697,1,0,,,0,0.0,5.0,9,0,,,0,0,0,0,0,0,0,0,0,0,0,0,0,0,0,0,0,0,0,0,0,False,a,,0,0,0,2627
244,609873,1,0,,,0,0.0,5.0,9,0,,,0,0,0,0,0,0,0,0,0,0,0,0,0,0,0,0,0,0,0,0,0,False,a,,0,0,0,2627
245,496661,1,0,,,0,0.0,5.5,9,0,,,0,0,0,0,0,0,0,0,0,0,0,0,0,0,0,0,0,0,0,0,0,False,a,,0,0,0,2627
246,513466,1,0,,,0,0.0,5.0,9,0,,,0,0,0,0,0,0,0,0,0,0,0,0,0,0,0,0,0,0,0,0,0,False,a,,0,0,0,2627
247,244860,1,0,,,0,0.0,5.5,9,0,,,0,0,0,0,0,0,0,0,0,0,0,0,0,0,0,0,0,0,0,0,0,False,a,,0,0,0,2627
248,486385,1,0,,,0,0.0,5.5,9,0,,,0,0,0,0,0,0,0,0,0,0,0,0,0,0,0,0,0,0,0,0,0,False,a,,0,0,0,2627
249,586309,1,0,,,0,0.0,5.5,9,0,,,0,0,0,0,0,0,0,0,0,0,0,0,0,0,0,0,0,0,0,0,0,False,a,,0,0,0,2627
250,80201,1,0,,,0,0.0,4.5,10,0,,,0,0,0,0,0,0,0,0,0,0,0,0,0,0,0,0,0,0,0,0,0,False,a,,0,0,0,2627
251,86873,1,0,,,0,0.0,4.0,10,0,,,0,0,0,0,0,0,0,0,0,0,0,0,0,0,0,0,0,0,0,0,0,False,a,,0,0,0,2627
252,505079,1,0,,,0,0.0,4.0,10,0,,,0,0,0,0,0,0,0,0,0,0,0,0,0,0,0,0,0,0,0,0,0,False,a,,0,0,0,2627
253,174874,1,0,,,0,0.0,5.0,10,0,,,0,0,0,0,0,0,0,0,0,0,0,0,0,0,0,0,0,0,0,0,0,False,a,,0,0,0,2627
254,169528,1,0,,,0,0.0,4.5,10,0,,,0,0,0,0,0,0,0,0,0,0,0,0,0,0,0,0,0,0,0,0,0,False,a,,0,0,0,2627
255,246301,1,0,,,0,0.0,4.5,10,0,,,0,0,0,0,0,0,0,0,0,0,0,0,0,0,0,0,0,0,0,0,0,False,a,,0,0,0,2627
256,167074,1,0,,,0,0.0,4.5,10,0,,,0,0,0,0,0,0,0,0,0,0,0,0,0,0,0,0,0,0,0,0,0,False,a,,0,0,0,2627
257,232892,1,0,,,0,0.0,4.5,10,0,,,0,0,0,0,0,0,0,0,0,0,0,0,0,0,0,0,0,0,0,0,0,False,a,,0,0,0,2627
258,166477,1,0,,,0,0.0,4.5,10,0,,,0,0,0,0,0,0,0,0,0,0,0,0,0,0,0,0,0,0,0,0,0,False,a,,0,0,0,2627
261,153133,1,0,,,0,0.0,5.5,10,0,,,0,0,0,0,0,0,0,0,0,0,0,0,0,0,0,0,0,0,0,0,0,False,a,,0,0,0,2627
262,209289,1,0,,,0,0.0,5.5,10,0,,,0,0,0,0,0,0,0,0,0,0,0,0,0,0,0,0,0,0,0,0,0,False,a,,0,0,0,2627
263,560552,1,0,,,0,0.0,5.5,10,0,,,0,0,0,0,0,0,0,0,0,0,0,0,0,0,0,0,0,0,0,0,0,False,a,,0,0,0,2627
264,477555,1,0,,,0,0.0,5.5,10,0,,,0,0,0,0,0,0,0,0,0,0,0,0,0,0,0,0,0,0,0,0,0,False,a,,0,0,0,2627
265,207189,1,0,,,0,0.0,5.0,10,0,,,0,0,0,0,0,0,0,0,0,0,0,0,0,0,0,0,0,0,0,0,0,False,a,,0,0,0,2627
266,76357,1,0,,,0,0.0,5.0,10,0,,,0,0,0,0,0,0,0,0,0,0,0,0,0,0,0,0,0,0,0,0,0,False,a,,0,0,0,2627
267,212314,1,0,,,0,0.0,5.0,10,0,,,0,0,0,0,0,0,0,0,0,0,0,0,0,0,0,0,0,0,0,0,0,False,a,,0,0,0,2627
268,577725,1,0,,,0,0.0,5.5,10,0,,,0,0,0,0,0,0,0,0,0,0,0,0,0,0,0,0,0,0,0,0,0,False,a,,0,0,0,2627
269,184349,1,0,,,0,0.0,4.5,10,0,,,0,0,0,0,0,0,0,0,0,0,0,0,0,0,0,0,0,0,0,0,0,False,a,,0,0,0,2627
270,153366,1,0,,,0,0.0,4.5,10,0,,,0,0,0,0,0,0,0,0,0,0,0,0,0,0,0,0,0,0,0,0,0,False,a,,0,0,0,2627
271,244042,1,0,,,0,0.0,5.5,10,0,,,0,0,0,0,0,0,0,0,0,0,0,0,0,0,0,0,0,0,0,0,0,False,a,,0,0,0,2627
272,631786,1,0,,,0,0.0,4.5,10,0,,,0,0,0,0,0,0,0,0,0,0,0,0,0,0,0,0,0,0,0,0,0,False,a,,0,0,0,2627
273,167825,1,0,,,0,0.0,4.0,11,0,,,0,0,0,0,0,0,0,0,0,0,0,0,0,0,0,0,0,0,0,0,0,False,a,,0,0,0,2627
274,105666,1,0,,,0,0.0,4.5,11,0,,,0,0,0,0,0,0,0,0,0,0,0,0,0,0,0,0,0,0,0,0,0,False,a,,0,0,0,2627
275,494950,1,0,,,0,0.0,4.0,11,0,,,0,0,0,0,0,0,0,0,0,0,0,0,0,0,0,0,0,0,0,0,0,False,a,,0,0,0,2627
276,444307,1,0,,,0,0.0,4.0,11,0,,,0,0,0,0,0,0,0,0,0,0,0,0,0,0,0,0,0,0,0,0,0,False,a,,0,0,0,2627
277,108416,1,0,,,0,0.0,4.0,11,0,,,0,0,0,0,0,0,0,0,0,0,0,0,0,0,0,0,0,0,0,0,0,False,a,,0,0,0,2627
278,501902,1,0,,,0,0.0,4.0,11,0,,,0,0,0,0,0,0,0,0,0,0,0,0,0,0,0,0,0,0,0,0,0,False,a,,0,0,0,2627
279,146426,1,0,,,0,0.0,4.0,11,0,,,0,0,0,0,0,0,0,0,0,0,0,0,0,0,0,0,0,0,0,0,0,False,a,,0,0,0,2627
280,193278,1,0,,,0,0.0,4.0,11,0,,,0,0,0,0,0,0,0,0,0,0,0,0,0,0,0,0,0,0,0,0,0,False,a,,0,0,0,2627
281,433590,1,0,,,0,0.0,4.0,11,0,,,0,0,0,0,0,0,0,0,0,0,0,0,0,0,0,0,0,0,0,0,0,False,a,,0,0,0,2627
282,232351,1,0,,,0,0.0,4.0,11,0,,,0,0,0,0,0,0,0,0,0,0,0,0,0,0,0,0,0,0,0,0,0,False,a,,0,0,0,2627
283,449428,1,0,,,0,0.0,4.0,11,0,,,0,0,0,0,0,0,0,0,0,0,0,0,0,0,0,0,0,0,0,0,0,False,a,,0,0,0,2627
284,661800,1,0,,,0,0.0,4.0,11,0,,,0,0,0,0,0,0,0,0,0,0,0,0,0,0,0,0,0,0,0,0,0,False,a,,0,0,0,2627
285,160817,1,0,,,0,0.0,4.0,11,0,,,0,0,0,0,0,0,0,0,0,0,0,0,0,0,0,0,0,0,0,0,0,False,a,,0,0,0,2627
286,540324,1,0,,,0,0.0,5.0,11,0,,,0,0,0,0,0,0,0,0,0,0,0,0,0,0,0,0,0,0,0,0,0,False,a,,0,0,0,2627
287,232905,1,0,,,0,0.0,5.0,11,0,,,0,0,0,0,0,0,0,0,0,0,0,0,0,0,0,0,0,0,0,0,0,False,a,,0,0,0,2627
288,171270,1,0,,,0,0.0,4.5,11,0,,,0,0,0,0,0,0,0,0,0,0,0,0,0,0,0,0,0,0,0,0,0,False,a,,0,0,0,2627
289,101282,1,0,,,0,0.0,4.5,11,0,,,0,0,0,0,0,0,0,0,0,0,0,0,0,0,0,0,0,0,0,0,0,False,a,,0,0,0,2627
290,243413,1,0,,,0,0.0,4.5,11,0,,,0,0,0,0,0,0,0,0,0,0,0,0,0,0,0,0,0,0,0,0,0,False,a,,0,0,0,2627
291,465525,1,0,,,0,0.0,4.5,11,0,,,0,0,0,0,0,0,0,0,0,0,0,0,0,0,0,0,0,0,0,0,0,False,a,,0,0,0,2627
292,208481,1,0,,,0,0.0,5.0,11,0,,,0,0,0,0,0,0,0,0,0,0,0,0,0,0,0,0,0,0,0,0,0,False,a,,0,0,0,2627
293,490161,1,0,,,0,0.0,5.0,11,0,,,0,0,0,0,0,0,0,0,0,0,0,0,0,0,0,0,0,0,0,0,0,False,a,,0,0,0,2627
294,553783,1,0,,,0,0.0,4.5,11,0,,,0,0,0,0,0,0,0,0,0,0,0,0,0,0,0,0,0,0,0,0,0,False,a,,0,0,0,2627
295,169432,1,0,,,0,0.0,5.5,11,0,,,0,0,0,0,0,0,0,0,0,0,0,0,0,0,0,0,0,0,0,0,0,False,a,,0,0,0,2627
296,213292,1,0,,,0,0.0,5.0,11,0,,,0,0,0,0,0,0,0,0,0,0,0,0,0,0,0,0,0,0,0,0,0,False,a,,0,0,0,2627
297,470294,1,0,,,0,0.0,4.5,11,0,,,0,0,0,0,0,0,0,0,0,0,0,0,0,0,0,0,0,0,0,0,0,False,a,,0,0,0,2627
298,500957,1,0,,,0,0.0,4.5,11,0,,,0,0,0,0,0,0,0,0,0,0,0,0,0,0,0,0,0,0,0,0,0,False,a,,0,0,0,2627
299,534392,1,0,,,0,0.0,4.5,11,0,,,0,0,0,0,0,0,0,0,0,0,0,0,0,0,0,0,0,0,0,0,0,False,a,,0,0,0,2627
259,219924,1,0,,,0,0.0,4.0,12,0,,,0,0,0,0,0,0,0,0,0,0,0,0,0,0,0,0,0,0,0,0,0,False,a,,0,0,0,2627
300,108813,1,0,,,0,0.0,4.5,12,0,,,0,0,0,0,0,0,0,0,0,0,0,0,0,0,0,0,0,0,0,0,0,False,a,,0,0,0,2627
301,112520,1,0,,,0,0.0,4.0,12,0,,,0,0,0,0,0,0,0,0,0,0,0,0,0,0,0,0,0,0,0,0,0,False,a,,0,0,0,2627
302,50093,1,0,,,0,0.0,4.0,12,0,,,0,0,0,0,0,0,0,0,0,0,0,0,0,0,0,0,0,0,0,0,0,False,a,,0,0,0,2627
303,183015,1,0,,,0,0.0,4.0,12,0,,,0,0,0,0,0,0,0,0,0,0,0,0,0,0,0,0,0,0,0,0,0,False,a,,0,0,0,2627
304,216616,1,0,,,0,0.0,4.0,12,0,,,0,0,0,0,0,0,0,0,0,0,0,0,0,0,0,0,0,0,0,0,0,False,a,,0,0,0,2627
305,455084,1,0,,,0,0.0,4.0,12,0,,,0,0,0,0,0,0,0,0,0,0,0,0,0,0,0,0,0,0,0,0,0,False,a,,0,0,0,2627
306,449429,1,0,,,0,0.0,4.0,12,0,,,0,0,0,0,0,0,0,0,0,0,0,0,0,0,0,0,0,0,0,0,0,False,a,,0,0,0,2627
307,222018,1,0,,,0,0.0,4.0,12,0,,,0,0,0,0,0,0,0,0,0,0,0,0,0,0,0,0,0,0,0,0,0,False,a,,0,0,0,2627
308,176420,1,0,,,0,0.0,4.0,12,0,,,0,0,0,0,0,0,0,0,0,0,0,0,0,0,0,0,0,0,0,0,0,False,a,,0,0,0,2627
309,501390,1,0,,,0,0.0,5.0,12,0,,,0,0,0,0,0,0,0,0,0,0,0,0,0,0,0,0,0,0,0,0,0,False,a,,0,0,0,2627
310,241117,1,0,,,0,0.0,5.0,12,0,,,0,0,0,0,0,0,0,0,0,0,0,0,0,0,0,0,0,0,0,0,0,False,a,,0,0,0,2627
311,149929,1,0,,,0,0.0,5.0,12,0,,,0,0,0,0,0,0,0,0,0,0,0,0,0,0,0,0,0,0,0,0,0,False,a,,0,0,0,2627
312,231899,1,0,,,0,0.0,4.5,12,0,,,0,0,0,0,0,0,0,0,0,0,0,0,0,0,0,0,0,0,0,0,0,False,a,,0,0,0,2627
313,443261,1,0,,,0,0.0,5.5,12,0,,,0,0,0,0,0,0,0,0,0,0,0,0,0,0,0,0,0,0,0,0,0,False,a,,0,0,0,2627
314,229164,1,0,,,0,0.0,5.0,12,0,,,0,0,0,0,0,0,0,0,0,0,0,0,0,0,0,0,0,0,0,0,0,False,a,,0,0,0,2627
315,531442,1,0,,,0,0.0,5.5,12,0,,,0,0,0,0,0,0,0,0,0,0,0,0,0,0,0,0,0,0,0,0,0,False,a,,0,0,0,2627
316,543968,1,0,,,0,0.0,5.5,12,0,,,0,0,0,0,0,0,0,0,0,0,0,0,0,0,0,0,0,0,0,0,0,False,a,,0,0,0,2627
317,222625,1,0,,,0,0.0,5.0,12,0,,,0,0,0,0,0,0,0,0,0,0,0,0,0,0,0,0,0,0,0,0,0,False,a,,0,0,0,2627
318,481624,1,0,,,0,0.0,5.5,12,0,,,0,0,0,0,0,0,0,0,0,0,0,0,0,0,0,0,0,0,0,0,0,False,a,,0,0,0,2627
319,172453,1,0,,,0,0.0,5.0,12,0,,,0,0,0,0,0,0,0,0,0,0,0,0,0,0,0,0,0,0,0,0,0,False,a,,0,0,0,2627
320,147675,1,0,,,0,0.0,5.0,12,0,,,0,0,0,0,0,0,0,0,0,0,0,0,0,0,0,0,0,0,0,0,0,False,a,,0,0,0,2627
321,557012,1,0,,,0,0.0,4.5,12,0,,,0,0,0,0,0,0,0,0,0,0,0,0,0,0,0,0,0,0,0,0,0,False,a,,0,0,0,2627
322,462387,1,0,,,0,0.0,5.0,12,0,,,0,0,0,0,0,0,0,0,0,0,0,0,0,0,0,0,0,0,0,0,0,False,a,,0,0,0,2627
323,461587,1,0,,,0,0.0,4.5,12,0,,,0,0,0,0,0,0,0,0,0,0,0,0,0,0,0,0,0,0,0,0,0,False,a,,0,0,0,2627
324,232457,1,0,,,0,0.0,5.0,12,0,,,0,0,0,0,0,0,0,0,0,0,0,0,0,0,0,0,0,0,0,0,0,False,a,,0,0,0,2627
554,546600,1,0,,,0,0.0,4.5,12,0,,,0,0,0,0,0,0,0,0,0,0,0,0,0,0,0,0,0,0,0,0,0,False,a,,0,0,0,2627
260,153682,1,0,,,0,0.0,6.5,13,0,,,0,0,0,0,0,0,0,0,0,0,0,0,0,0,0,0,0,0,0,0,0,False,a,,0,0,0,2627
326,201595,1,0,,,0,0.0,4.5,13,0,,,0,0,0,0,0,0,0,0,0,0,0,0,0,0,0,0,0,0,0,0,0,False,a,,0,0,0,2627
327,434752,1,0,,,0,0.0,5.0,13,0,,,0,0,0,0,0,0,0,0,0,0,0,0,0,0,0,0,0,0,0,0,0,False,a,,0,0,0,2627
329,214225,1,0,,,0,0.0,4.5,13,0,,,0,0,0,0,0,0,0,0,0,0,0,0,0,0,0,0,0,0,0,0,0,False,a,,0,0,0,2627
330,226182,1,0,,,0,0.0,4.5,13,0,,,0,0,0,0,0,0,0,0,0,0,0,0,0,0,0,0,0,0,0,0,0,False,a,,0,0,0,2627
331,243526,1,0,,,0,0.0,4.5,13,0,,,0,0,0,0,0,0,0,0,0,0,0,0,0,0,0,0,0,0,0,0,0,False,a,,0,0,0,2627
332,220627,1,0,,,0,0.0,4.5,13,0,,,0,0,0,0,0,0,0,0,0,0,0,0,0,0,0,0,0,0,0,0,0,False,a,,0,0,0,2627
333,437738,1,0,,,0,0.0,4.5,13,0,,,0,0,0,0,0,0,0,0,0,0,0,0,0,0,0,0,0,0,0,0,0,False,a,,0,0,0,2627
334,522047,1,0,,,0,0.0,5.0,13,0,,,0,0,0,0,0,0,0,0,0,0,0,0,0,0,0,0,0,0,0,0,0,False,a,,0,0,0,2627
335,466525,1,0,,,0,0.0,6.0,13,0,,,0,0,0,0,0,0,0,0,0,0,0,0,0,0,0,0,0,0,0,0,0,False,a,,0,0,0,2627
336,435997,1,0,,,0,0.0,6.0,13,0,,,0,0,0,0,0,0,0,0,0,0,0,0,0,0,0,0,0,0,0,0,0,False,a,,0,0,0,2627
337,427637,1,0,,,0,0.0,5.5,13,0,,,0,0,0,0,0,0,0,0,0,0,0,0,0,0,0,0,0,0,0,0,0,False,a,,0,0,0,2627
338,199598,1,0,,,0,0.0,5.5,13,0,,,0,0,0,0,0,0,0,0,0,0,0,0,0,0,0,0,0,0,0,0,0,False,a,,0,0,0,2627
339,180135,1,0,,,0,0.0,5.0,13,0,,,0,0,0,0,0,0,0,0,0,0,0,0,0,0,0,0,0,0,0,0,0,False,a,,0,0,0,2627
340,462635,1,0,,,0,0.0,5.0,13,0,,,0,0,0,0,0,0,0,0,0,0,0,0,0,0,0,0,0,0,0,0,0,False,a,,0,0,0,2627
341,492859,1,0,,,0,0.0,5.0,13,0,,,0,0,0,0,0,0,0,0,0,0,0,0,0,0,0,0,0,0,0,0,0,False,a,,0,0,0,2627
342,221399,1,0,,,0,0.0,5.0,13,0,,,0,0,0,0,0,0,0,0,0,0,0,0,0,0,0,0,0,0,0,0,0,False,a,,0,0,0,2627
343,200617,1,0,,,0,0.0,5.0,13,0,,,0,0,0,0,0,0,0,0,0,0,0,0,0,0,0,0,0,0,0,0,0,False,a,,0,0,0,2627
344,486520,1,0,,,0,0.0,5.0,13,0,,,0,0,0,0,0,0,0,0,0,0,0,0,0,0,0,0,0,0,0,0,0,False,a,,0,0,0,2627
345,248056,1,0,,,0,0.0,5.0,13,0,,,0,0,0,0,0,0,0,0,0,0,0,0,0,0,0,0,0,0,0,0,0,False,a,,0,0,0,2627
346,177815,1,0,,,0,0.0,6.0,13,0,,,0,0,0,0,0,0,0,0,0,0,0,0,0,0,0,0,0,0,0,0,0,False,a,,0,0,0,2627
347,174594,1,0,,,0,0.0,5.5,13,0,,,0,0,0,0,0,0,0,0,0,0,0,0,0,0,0,0,0,0,0,0,0,False,a,,0,0,0,2627
348,235826,1,0,,,0,0.0,5.0,13,0,,,0,0,0,0,0,0,0,0,0,0,0,0,0,0,0,0,0,0,0,0,0,False,a,,0,0,0,2627
349,565297,1,0,,,0,0.0,4.5,13,0,,,0,0,0,0,0,0,0,0,0,0,0,0,0,0,0,0,0,0,0,0,0,False,a,,0,0,0,2627
350,116535,1,0,,,0,0.0,5.5,14,0,,,0,0,0,0,0,0,0,0,0,0,0,0,0,0,0,0,0,0,0,0,0,False,a,,0,0,0,2627
351,449027,1,0,,,0,0.0,5.0,14,0,,,0,0,0,0,0,0,0,0,0,0,0,0,0,0,0,0,0,0,0,0,0,False,a,,0,0,0,2627
352,155503,1,0,,,0,0.0,4.0,14,0,,,0,0,0,0,0,0,0,0,0,0,0,0,0,0,0,0,0,0,0,0,0,False,a,,0,0,0,2627
353,586268,1,0,,,0,0.0,4.0,14,0,,,0,0,0,0,0,0,0,0,0,0,0,0,0,0,0,0,0,0,0,0,0,False,a,,0,0,0,2627
354,432987,1,0,,,0,0.0,4.0,14,0,,,0,0,0,0,0,0,0,0,0,0,0,0,0,0,0,0,0,0,0,0,0,False,a,,0,0,0,2627
355,464353,1,0,,,0,0.0,4.0,14,0,,,0,0,0,0,0,0,0,0,0,0,0,0,0,0,0,0,0,0,0,0,0,False,a,,0,0,0,2627
356,97032,1,0,,,0,0.0,6.5,14,0,,,0,0,0,0,0,0,0,0,0,0,0,0,0,0,0,0,0,0,0,0,0,False,a,,0,0,0,2627
357,216094,1,0,,,0,0.0,5.5,14,0,,,0,0,0,0,0,0,0,0,0,0,0,0,0,0,0,0,0,0,0,0,0,False,a,,0,0,0,2627
358,544877,1,0,,,0,0.0,5.5,14,0,,,0,0,0,0,0,0,0,0,0,0,0,0,0,0,0,0,0,0,0,0,0,False,a,,0,0,0,2627
359,171287,1,0,,,0,0.0,5.0,14,0,,,0,0,0,0,0,0,0,0,0,0,0,0,0,0,0,0,0,0,0,0,0,False,a,,0,0,0,2627
360,492777,1,0,,,0,0.0,5.0,14,0,,,0,0,0,0,0,0,0,0,0,0,0,0,0,0,0,0,0,0,0,0,0,False,a,,0,0,0,2627
361,519440,1,0,,,0,0.0,4.0,14,0,,,0,0,0,0,0,0,0,0,0,0,0,0,0,0,0,0,0,0,0,0,0,False,a,,0,0,0,2627
362,606702,1,0,,,0,0.0,5.0,14,0,,,0,0,0,0,0,0,0,0,0,0,0,0,0,0,0,0,0,0,0,0,0,False,a,,0,0,0,2627
363,647681,1,0,,,0,0.0,4.0,14,0,,,0,0,0,0,0,0,0,0,0,0,0,0,0,0,0,0,0,0,0,0,0,False,a,,0,0,0,2627
364,214285,1,0,,,0,0.0,5.0,14,0,,,0,0,0,0,0,0,0,0,0,0,0,0,0,0,0,0,0,0,0,0,0,False,a,,0,0,0,2627
365,489580,1,0,,,0,0.0,4.0,14,0,,,0,0,0,0,0,0,0,0,0,0,0,0,0,0,0,0,0,0,0,0,0,False,a,,0,0,0,2627
366,494595,1,0,,,0,0.0,7.5,14,0,,,0,0,0,0,0,0,0,0,0,0,0,0,0,0,0,0,0,0,0,0,0,False,a,,0,0,0,2627
367,243298,1,0,,,0,0.0,7.0,14,0,,,0,0,0,0,0,0,0,0,0,0,0,0,0,0,0,0,0,0,0,0,0,False,a,,0,0,0,2627
368,424876,1,0,,,0,0.0,7.0,14,0,,,0,0,0,0,0,0,0,0,0,0,0,0,0,0,0,0,0,0,0,0,0,False,a,,0,0,0,2627
369,611922,1,0,,,0,0.0,6.0,14,0,,,0,0,0,0,0,0,0,0,0,0,0,0,0,0,0,0,0,0,0,0,0,False,a,,0,0,0,2627
370,223541,1,0,,,0,0.0,5.5,14,0,,,0,0,0,0,0,0,0,0,0,0,0,0,0,0,0,0,0,0,0,0,0,False,a,,0,0,0,2627
371,441266,1,0,,,0,0.0,6.0,14,0,,,0,0,0,0,0,0,0,0,0,0,0,0,0,0,0,0,0,0,0,0,0,False,a,,0,0,0,2627
372,243016,1,0,,,0,0.0,5.5,14,0,,,0,0,0,0,0,0,0,0,0,0,0,0,0,0,0,0,0,0,0,0,0,False,a,,0,0,0,2627
373,206915,1,0,,,0,0.0,5.5,14,0,,,0,0,0,0,0,0,0,0,0,0,0,0,0,0,0,0,0,0,0,0,0,False,a,,0,0,0,2627
374,158983,1,0,,,0,0.0,5.0,14,0,,,0,0,0,0,0,0,0,0,0,0,0,0,0,0,0,0,0,0,0,0,0,False,a,,0,0,0,2627
375,591386,1,0,,,0,0.0,5.0,14,0,,,0,0,0,0,0,0,0,0,0,0,0,0,0,0,0,0,0,0,0,0,0,False,a,,0,0,0,2627
376,535928,1,0,,,0,0.0,5.0,14,0,,,0,0,0,0,0,0,0,0,0,0,0,0,0,0,0,0,0,0,0,0,0,False,a,,0,0,0,2627
377,551499,1,0,,,0,0.0,6.5,14,0,,,0,0,0,0,0,0,0,0,0,0,0,0,0,0,0,0,0,0,0,0,0,False,a,,0,0,0,2627
378,491501,1,0,,,0,0.0,4.5,14,0,,,0,0,0,0,0,0,0,0,0,0,0,0,0,0,0,0,0,0,0,0,0,False,a,,0,0,0,2627
379,219168,1,0,,,0,0.0,9.0,14,0,,,0,0,0,0,0,0,0,0,0,0,0,0,0,0,0,0,0,0,0,0,0,False,a,,0,0,0,2627
380,510663,1,0,,,0,0.0,7.5,14,0,,,0,0,0,0,0,0,0,0,0,0,0,0,0,0,0,0,0,0,0,0,0,False,a,,0,0,0,2627
381,514514,1,0,,,0,0.0,5.0,14,0,,,0,0,0,0,0,0,0,0,0,0,0,0,0,0,0,0,0,0,0,0,0,False,a,,0,0,0,2627
382,500058,1,0,,,0,0.0,4.5,14,0,,,0,0,0,0,0,0,0,0,0,0,0,0,0,0,0,0,0,0,0,0,0,False,a,,0,0,0,2627
383,444884,1,0,,,0,0.0,5.5,14,0,,,0,0,0,0,0,0,0,0,0,0,0,0,0,0,0,0,0,0,0,0,0,False,a,,0,0,0,2627
238,114283,1,0,,,0,0.0,6.5,15,0,,,0,0,0,0,0,0,0,0,0,0,0,0,0,0,0,0,0,0,0,0,0,False,a,,0,0,0,2627
384,204936,1,0,,,0,0.0,5.5,15,0,,,0,0,0,0,0,0,0,0,0,0,0,0,0,0,0,0,0,0,0,0,0,False,a,,0,0,0,2627
385,432720,1,0,,,0,0.0,5.0,15,0,,,0,0,0,0,0,0,0,0,0,0,0,0,0,0,0,0,0,0,0,0,0,False,a,,0,0,0,2627
386,122074,1,0,,,0,0.0,4.5,15,0,,,0,0,0,0,0,0,0,0,0,0,0,0,0,0,0,0,0,0,0,0,0,False,a,,0,0,0,2627
387,472769,1,0,,,0,0.0,6.5,15,0,,,0,0,0,0,0,0,0,0,0,0,0,0,0,0,0,0,0,0,0,0,0,False,a,,0,0,0,2627
388,209036,1,0,,,0,0.0,6.0,15,0,,,0,0,0,0,0,0,0,0,0,0,0,0,0,0,0,0,0,0,0,0,0,False,a,,0,0,0,2627
389,465351,1,0,,,0,0.0,6.0,15,0,,,0,0,0,0,0,0,0,0,0,0,0,0,0,0,0,0,0,0,0,0,0,False,a,,0,0,0,2627
390,171314,1,0,,,0,0.0,5.5,15,0,,,0,0,0,0,0,0,0,0,0,0,0,0,0,0,0,0,0,0,0,0,0,False,a,,0,0,0,2627
391,477424,1,0,,,0,0.0,5.5,15,0,,,0,0,0,0,0,0,0,0,0,0,0,0,0,0,0,0,0,0,0,0,0,False,a,,0,0,0,2627
392,448514,1,0,,,0,0.0,5.5,15,0,,,0,0,0,0,0,0,0,0,0,0,0,0,0,0,0,0,0,0,0,0,0,False,a,,0,0,0,2627
393,578153,1,0,,,0,0.0,5.5,15,0,,,0,0,0,0,0,0,0,0,0,0,0,0,0,0,0,0,0,0,0,0,0,False,a,,0,0,0,2627
394,494307,1,0,,,0,0.0,5.0,15,0,,,0,0,0,0,0,0,0,0,0,0,0,0,0,0,0,0,0,0,0,0,0,False,a,,0,0,0,2627
395,477064,1,0,,,0,0.0,4.5,15,0,,,0,0,0,0,0,0,0,0,0,0,0,0,0,0,0,0,0,0,0,0,0,False,a,,0,0,0,2627
396,616222,1,0,,,0,0.0,4.5,15,0,,,0,0,0,0,0,0,0,0,0,0,0,0,0,0,0,0,0,0,0,0,0,False,a,,0,0,0,2627
397,437730,1,0,,,0,0.0,8.5,15,0,,,0,0,0,0,0,0,0,0,0,0,0,0,0,0,0,0,0,0,0,0,0,False,a,,0,0,0,2627
398,209244,1,0,,,0,0.0,7.0,15,0,,,0,0,0,0,0,0,0,0,0,0,0,0,0,0,0,0,0,0,0,0,0,False,a,,0,0,0,2627
399,466052,1,0,,,0,0.0,7.5,15,0,,,0,0,0,0,0,0,0,0,0,0,0,0,0,0,0,0,0,0,0,0,0,False,a,,0,0,0,2627
400,248875,1,0,,,0,0.0,7.5,15,0,,,0,0,0,0,0,0,0,0,0,0,0,0,0,0,0,0,0,0,0,0,0,False,a,,0,0,0,2627
401,438234,1,0,,,0,0.0,7.0,15,0,,,0,0,0,0,0,0,0,0,0,0,0,0,0,0,0,0,0,0,0,0,0,False,a,,0,0,0,2627
402,220566,1,0,,,0,0.0,6.5,15,0,,,0,0,0,0,0,0,0,0,0,0,0,0,0,0,0,0,0,0,0,0,0,False,a,,0,0,0,2627
403,510281,1,0,,,0,0.0,6.5,15,0,,,0,0,0,0,0,0,0,0,0,0,0,0,0,0,0,0,0,0,0,0,0,False,a,,0,0,0,2627
404,433036,1,0,,,0,0.0,6.0,15,0,,,0,0,0,0,0,0,0,0,0,0,0,0,0,0,0,0,0,0,0,0,0,False,a,,0,0,0,2627
405,465694,1,0,,,0,0.0,5.5,15,0,,,0,0,0,0,0,0,0,0,0,0,0,0,0,0,0,0,0,0,0,0,0,False,a,,0,0,0,2627
406,91651,1,0,,,0,0.0,5.5,15,0,,,0,0,0,0,0,0,0,0,0,0,0,0,0,0,0,0,0,0,0,0,0,False,a,,0,0,0,2627
407,575204,1,0,,,0,0.0,5.0,15,0,,,0,0,0,0,0,0,0,0,0,0,0,0,0,0,0,0,0,0,0,0,0,False,a,,0,0,0,2627
408,155405,1,0,,,0,0.0,5.0,15,0,,,0,0,0,0,0,0,0,0,0,0,0,0,0,0,0,0,0,0,0,0,0,False,a,,0,0,0,2627
409,590039,1,0,,,0,0.0,4.5,15,0,,,0,0,0,0,0,0,0,0,0,0,0,0,0,0,0,0,0,0,0,0,0,False,a,,0,0,0,2627
410,649208,1,0,,,0,0.0,5.0,15,0,,,0,0,0,0,0,0,0,0,0,0,0,0,0,0,0,0,0,0,0,0,0,False,a,,0,0,0,2627
411,223094,1,0,,,0,0.0,15.5,15,0,,,0,0,0,0,0,0,0,0,0,0,0,0,0,0,0,0,0,0,0,0,0,False,a,,0,0,0,2627
481,215379,1,0,,,0,0.0,6.5,15,0,,,0,0,0,0,0,0,0,0,0,0,0,0,0,0,0,0,0,0,0,0,0,False,a,,0,0,0,2627
43,166989,1,0,,,0,0.0,6.0,16,0,,,0,0,0,0,0,0,0,0,0,0,0,0,0,0,0,0,0,0,0,0,0,False,a,,0,0,0,2627
162,532605,1,0,,,0,0.0,5.0,16,0,,,0,0,0,0,0,0,0,0,0,0,0,0,0,0,0,0,0,0,0,0,0,False,a,,0,0,0,2627
325,59735,1,0,,,0,0.0,4.5,16,0,,,0,0,0,0,0,0,0,0,0,0,0,0,0,0,0,0,0,0,0,0,0,False,a,,0,0,0,2627
412,465247,1,0,,,0,0.0,5.0,16,0,,,0,0,0,0,0,0,0,0,0,0,0,0,0,0,0,0,0,0,0,0,0,False,a,,0,0,0,2627
413,451302,1,0,,,0,0.0,4.5,16,0,,,0,0,0,0,0,0,0,0,0,0,0,0,0,0,0,0,0,0,0,0,0,False,a,,0,0,0,2627
414,21205,1,0,,,0,0.0,4.0,16,0,,,0,0,0,0,0,0,0,0,0,0,0,0,0,0,0,0,0,0,0,0,0,False,a,,0,0,0,2627
415,596777,1,0,,,0,0.0,6.0,16,0,,,0,0,0,0,0,0,0,0,0,0,0,0,0,0,0,0,0,0,0,0,0,False,a,,0,0,0,2627
416,209365,1,0,,,0,0.0,5.0,16,0,,,0,0,0,0,0,0,0,0,0,0,0,0,0,0,0,0,0,0,0,0,0,False,a,,0,0,0,2627
417,216051,1,0,,,0,0.0,5.0,16,0,,,0,0,0,0,0,0,0,0,0,0,0,0,0,0,0,0,0,0,0,0,0,False,a,,0,0,0,2627
418,95658,1,0,,,0,0.0,5.0,16,0,,,0,0,0,0,0,0,0,0,0,0,0,0,0,0,0,0,0,0,0,0,0,False,a,,0,0,0,2627
419,221820,1,0,,,0,0.0,5.0,16,0,,,0,0,0,0,0,0,0,0,0,0,0,0,0,0,0,0,0,0,0,0,0,False,a,,0,0,0,2627
420,550864,1,0,,,0,0.0,5.0,16,0,,,0,0,0,0,0,0,0,0,0,0,0,0,0,0,0,0,0,0,0,0,0,False,a,,0,0,0,2627
421,606745,1,0,,,0,0.0,4.5,16,0,,,0,0,0,0,0,0,0,0,0,0,0,0,0,0,0,0,0,0,0,0,0,False,a,,0,0,0,2627
422,230001,1,0,,,0,0.0,4.5,16,0,,,0,0,0,0,0,0,0,0,0,0,0,0,0,0,0,0,0,0,0,0,0,False,a,,0,0,0,2627
423,106760,1,0,,,0,0.0,4.5,16,0,,,0,0,0,0,0,0,0,0,0,0,0,0,0,0,0,0,0,0,0,0,0,False,a,,0,0,0,2627
424,577974,1,0,,,0,0.0,4.0,16,0,,,0,0,0,0,0,0,0,0,0,0,0,0,0,0,0,0,0,0,0,0,0,False,a,,0,0,0,2627
425,547676,1,0,,,0,0.0,4.0,16,0,,,0,0,0,0,0,0,0,0,0,0,0,0,0,0,0,0,0,0,0,0,0,False,a,,0,0,0,2627
426,141746,1,0,,,0,0.0,12.0,16,0,,,0,0,0,0,0,0,0,0,0,0,0,0,0,0,0,0,0,0,0,0,0,False,a,,0,0,0,2627
427,446008,1,0,,,0,0.0,8.0,16,0,,,0,0,0,0,0,0,0,0,0,0,0,0,0,0,0,0,0,0,0,0,0,False,a,,0,0,0,2627
428,430871,1,0,,,0,0.0,8.0,16,0,,,0,0,0,0,0,0,0,0,0,0,0,0,0,0,0,0,0,0,0,0,0,False,a,,0,0,0,2627
429,176297,1,0,,,0,0.0,7.0,16,0,,,0,0,0,0,0,0,0,0,0,0,0,0,0,0,0,0,0,0,0,0,0,False,a,,0,0,0,2627
430,184341,1,0,,,0,0.0,5.5,16,0,,,0,0,0,0,0,0,0,0,0,0,0,0,0,0,0,0,0,0,0,0,0,False,a,,0,0,0,2627
431,493250,1,0,,,0,0.0,6.0,16,0,,,0,0,0,0,0,0,0,0,0,0,0,0,0,0,0,0,0,0,0,0,0,False,a,,0,0,0,2627
432,516895,1,0,,,0,0.0,5.5,16,0,,,0,0,0,0,0,0,0,0,0,0,0,0,0,0,0,0,0,0,0,0,0,False,a,,0,0,0,2627
433,232112,1,0,,,0,0.0,5.0,16,0,,,0,0,0,0,0,0,0,0,0,0,0,0,0,0,0,0,0,0,0,0,0,False,a,,0,0,0,2627
434,547037,1,0,,,0,0.0,5.0,16,0,,,0,0,0,0,0,0,0,0,0,0,0,0,0,0,0,0,0,0,0,0,0,False,a,,0,0,0,2627
435,576628,1,0,,,0,0.0,5.0,16,0,,,0,0,0,0,0,0,0,0,0,0,0,0,0,0,0,0,0,0,0,0,0,False,a,,0,0,0,2627
436,490881,1,0,,,0,0.0,5.0,16,0,,,0,0,0,0,0,0,0,0,0,0,0,0,0,0,0,0,0,0,0,0,0,False,a,,0,0,0,2627
437,576620,1,0,,,0,0.0,4.5,16,0,,,0,0,0,0,0,0,0,0,0,0,0,0,0,0,0,0,0,0,0,0,0,False,a,,0,0,0,2627
438,519913,1,0,,,0,0.0,4.5,16,0,,,0,0,0,0,0,0,0,0,0,0,0,0,0,0,0,0,0,0,0,0,0,False,a,,0,0,0,2627
439,485711,1,0,,,0,0.0,7.0,16,0,,,0,0,0,0,0,0,0,0,0,0,0,0,0,0,0,0,0,0,0,0,0,False,a,,0,0,0,2627
440,458249,1,0,,,0,0.0,5.5,16,0,,,0,0,0,0,0,0,0,0,0,0,0,0,0,0,0,0,0,0,0,0,0,False,a,,0,0,0,2627
441,596047,1,0,,,0,0.0,4.5,16,0,,,0,0,0,0,0,0,0,0,0,0,0,0,0,0,0,0,0,0,0,0,0,False,a,,0,0,0,2627
442,98747,1,0,,,0,0.0,5.0,17,0,,,0,0,0,0,0,0,0,0,0,0,0,0,0,0,0,0,0,0,0,0,0,False,a,,0,0,0,2627
443,81441,1,0,,,0,0.0,4.5,17,0,,,0,0,0,0,0,0,0,0,0,0,0,0,0,0,0,0,0,0,0,0,0,False,a,,0,0,0,2627
444,554578,1,0,,,0,0.0,4.5,17,0,,,0,0,0,0,0,0,0,0,0,0,0,0,0,0,0,0,0,0,0,0,0,False,a,,0,0,0,2627
445,465642,1,0,,,0,0.0,5.0,17,0,,,0,0,0,0,0,0,0,0,0,0,0,0,0,0,0,0,0,0,0,0,0,False,a,,0,0,0,2627
446,119471,1,0,,,0,0.0,5.0,17,0,,,0,0,0,0,0,0,0,0,0,0,0,0,0,0,0,0,0,0,0,0,0,False,a,,0,0,0,2627
447,220237,1,0,,,0,0.0,5.0,17,0,,,0,0,0,0,0,0,0,0,0,0,0,0,0,0,0,0,0,0,0,0,0,False,a,,0,0,0,2627
448,78916,1,0,,,0,0.0,5.0,17,0,,,0,0,0,0,0,0,0,0,0,0,0,0,0,0,0,0,0,0,0,0,0,False,a,,0,0,0,2627
449,487838,1,0,,,0,0.0,5.0,17,0,,,0,0,0,0,0,0,0,0,0,0,0,0,0,0,0,0,0,0,0,0,0,False,a,,0,0,0,2627
450,441191,1,0,,,0,0.0,5.0,17,0,,,0,0,0,0,0,0,0,0,0,0,0,0,0,0,0,0,0,0,0,0,0,False,a,,0,0,0,2627
451,545477,1,0,,,0,0.0,4.0,17,0,,,0,0,0,0,0,0,0,0,0,0,0,0,0,0,0,0,0,0,0,0,0,False,a,,0,0,0,2627
452,208706,1,0,,,0,0.0,7.0,17,0,,,0,0,0,0,0,0,0,0,0,0,0,0,0,0,0,0,0,0,0,0,0,False,a,,0,0,0,2627
453,201666,1,0,,,0,0.0,6.0,17,0,,,0,0,0,0,0,0,0,0,0,0,0,0,0,0,0,0,0,0,0,0,0,False,a,,0,0,0,2627
454,449434,1,0,,,0,0.0,6.0,17,0,,,0,0,0,0,0,0,0,0,0,0,0,0,0,0,0,0,0,0,0,0,0,False,a,,0,0,0,2627
456,232653,1,0,,,0,0.0,5.0,17,0,,,0,0,0,0,0,0,0,0,0,0,0,0,0,0,0,0,0,0,0,0,0,False,a,,0,0,0,2627
457,114243,1,0,,,0,0.0,6.0,17,0,,,0,0,0,0,0,0,0,0,0,0,0,0,0,0,0,0,0,0,0,0,0,False,a,,0,0,0,2627
458,180974,1,0,,,0,0.0,5.5,17,0,,,0,0,0,0,0,0,0,0,0,0,0,0,0,0,0,0,0,0,0,0,0,False,a,,0,0,0,2627
459,547719,1,0,,,0,0.0,5.5,17,0,,,0,0,0,0,0,0,0,0,0,0,0,0,0,0,0,0,0,0,0,0,0,False,a,,0,0,0,2627
460,200089,1,0,,,0,0.0,5.0,17,0,,,0,0,0,0,0,0,0,0,0,0,0,0,0,0,0,0,0,0,0,0,0,False,a,,0,0,0,2627
461,611665,1,0,,,0,0.0,6.0,17,0,,,0,0,0,0,0,0,0,0,0,0,0,0,0,0,0,0,0,0,0,0,0,False,a,,0,0,0,2627
462,636852,1,0,,,0,0.0,5.0,17,0,,,0,0,0,0,0,0,0,0,0,0,0,0,0,0,0,0,0,0,0,0,0,False,a,,0,0,0,2627
463,470313,1,0,,,0,0.0,6.0,17,0,,,0,0,0,0,0,0,0,0,0,0,0,0,0,0,0,0,0,0,0,0,0,False,a,,0,0,0,2627
464,216646,1,0,,,0,0.0,6.0,17,0,,,0,0,0,0,0,0,0,0,0,0,0,0,0,0,0,0,0,0,0,0,0,False,a,,0,0,0,2627
465,538207,1,0,,,0,0.0,6.0,17,0,,,0,0,0,0,0,0,0,0,0,0,0,0,0,0,0,0,0,0,0,0,0,False,a,,0,0,0,2627
466,599303,1,0,,,0,0.0,4.5,17,0,,,0,0,0,0,0,0,0,0,0,0,0,0,0,0,0,0,0,0,0,0,0,False,a,,0,0,0,2627
467,85633,1,0,,,0,0.0,5.0,18,0,,,0,0,0,0,0,0,0,0,0,0,0,0,0,0,0,0,0,0,0,0,0,False,a,,0,0,0,2627
468,221389,1,0,,,0,0.0,4.5,18,0,,,0,0,0,0,0,0,0,0,0,0,0,0,0,0,0,0,0,0,0,0,0,False,a,,0,0,0,2627
469,215136,1,0,,,0,0.0,5.0,18,0,,,0,0,0,0,0,0,0,0,0,0,0,0,0,0,0,0,0,0,0,0,0,False,a,,0,0,0,2627
470,485047,1,0,,,0,0.0,5.0,18,0,,,0,0,0,0,0,0,0,0,0,0,0,0,0,0,0,0,0,0,0,0,0,False,a,,0,0,0,2627
471,227444,1,0,,,0,0.0,5.5,18,0,,,0,0,0,0,0,0,0,0,0,0,0,0,0,0,0,0,0,0,0,0,0,False,a,,0,0,0,2627
472,575476,1,0,,,0,0.0,5.5,18,0,,,0,0,0,0,0,0,0,0,0,0,0,0,0,0,0,0,0,0,0,0,0,False,a,,0,0,0,2627
473,159506,1,0,,,0,0.0,4.5,18,0,,,0,0,0,0,0,0,0,0,0,0,0,0,0,0,0,0,0,0,0,0,0,False,a,,0,0,0,2627
474,575458,1,0,,,0,0.0,4.5,18,0,,,0,0,0,0,0,0,0,0,0,0,0,0,0,0,0,0,0,0,0,0,0,False,a,,0,0,0,2627
475,500151,1,0,,,0,0.0,4.5,18,0,,,0,0,0,0,0,0,0,0,0,0,0,0,0,0,0,0,0,0,0,0,0,False,a,,0,0,0,2627
476,204822,1,0,,,0,0.0,4.0,18,0,,,0,0,0,0,0,0,0,0,0,0,0,0,0,0,0,0,0,0,0,0,0,False,a,,0,0,0,2627
477,549067,1,0,,,0,0.0,4.0,18,0,,,0,0,0,0,0,0,0,0,0,0,0,0,0,0,0,0,0,0,0,0,0,False,a,,0,0,0,2627
478,470315,1,0,,,0,0.0,4.5,18,0,,,0,0,0,0,0,0,0,0,0,0,0,0,0,0,0,0,0,0,0,0,0,False,a,,0,0,0,2627
479,538638,1,0,,,0,0.0,4.0,18,0,,,0,0,0,0,0,0,0,0,0,0,0,0,0,0,0,0,0,0,0,0,0,False,a,,0,0,0,2627
480,222531,1,0,,,0,0.0,8.0,18,0,,,0,0,0,0,0,0,0,0,0,0,0,0,0,0,0,0,0,0,0,0,0,False,a,,0,0,0,2627
482,209046,1,0,,,0,0.0,6.0,18,0,,,0,0,0,0,0,0,0,0,0,0,0,0,0,0,0,0,0,0,0,0,0,False,a,,0,0,0,2627
483,456512,1,0,,,0,0.0,5.5,18,0,,,0,0,0,0,0,0,0,0,0,0,0,0,0,0,0,0,0,0,0,0,0,False,a,,0,0,0,2627
484,503301,1,0,,,0,0.0,5.5,18,0,,,0,0,0,0,0,0,0,0,0,0,0,0,0,0,0,0,0,0,0,0,0,False,a,,0,0,0,2627
485,476887,1,0,,,0,0.0,5.5,18,0,,,0,0,0,0,0,0,0,0,0,0,0,0,0,0,0,0,0,0,0,0,0,False,a,,0,0,0,2627
486,432714,1,0,,,0,0.0,5.5,18,0,,,0,0,0,0,0,0,0,0,0,0,0,0,0,0,0,0,0,0,0,0,0,False,a,,0,0,0,2627
487,250199,1,0,,,0,0.0,5.0,18,0,,,0,0,0,0,0,0,0,0,0,0,0,0,0,0,0,0,0,0,0,0,0,False,a,,0,0,0,2627
488,210462,1,0,,,0,0.0,5.0,18,0,,,0,0,0,0,0,0,0,0,0,0,0,0,0,0,0,0,0,0,0,0,0,False,a,,0,0,0,2627
489,204968,1,0,,,0,0.0,4.5,18,0,,,0,0,0,0,0,0,0,0,0,0,0,0,0,0,0,0,0,0,0,0,0,False,a,,0,0,0,2627
490,60689,1,0,,,0,0.0,6.0,18,0,,,0,0,0,0,0,0,0,0,0,0,0,0,0,0,0,0,0,0,0,0,0,False,a,,0,0,0,2627
491,482973,1,0,,,0,0.0,6.0,18,0,,,0,0,0,0,0,0,0,0,0,0,0,0,0,0,0,0,0,0,0,0,0,False,a,,0,0,0,2627
492,210156,1,0,,,0,0.0,5.5,18,0,,,0,0,0,0,0,0,0,0,0,0,0,0,0,0,0,0,0,0,0,0,0,False,a,,0,0,0,2627
493,465680,1,0,,,0,0.0,5.5,18,0,,,0,0,0,0,0,0,0,0,0,0,0,0,0,0,0,0,0,0,0,0,0,False,a,,0,0,0,2627
112,469142,1,0,,,0,0.0,5.0,19,0,,,0,0,0,0,0,0,0,0,0,0,0,0,0,0,0,0,0,0,0,0,0,False,a,,0,0,0,2627
455,432422,1,0,,,0,0.0,5.5,19,0,,,0,0,0,0,0,0,0,0,0,0,0,0,0,0,0,0,0,0,0,0,0,False,a,,0,0,0,2627
494,184254,1,0,,,0,0.0,4.5,19,0,,,0,0,0,0,0,0,0,0,0,0,0,0,0,0,0,0,0,0,0,0,0,False,a,,0,0,0,2627
495,214572,1,0,,,0,0.0,4.0,19,0,,,0,0,0,0,0,0,0,0,0,0,0,0,0,0,0,0,0,0,0,0,0,False,a,,0,0,0,2627
496,485055,1,0,,,0,0.0,4.5,19,0,,,0,0,0,0,0,0,0,0,0,0,0,0,0,0,0,0,0,0,0,0,0,False,a,,0,0,0,2627
497,67089,1,0,,,0,0.0,4.0,19,0,,,0,0,0,0,0,0,0,0,0,0,0,0,0,0,0,0,0,0,0,0,0,False,a,,0,0,0,2627
498,221466,1,0,,,0,0.0,6.0,19,0,,,0,0,0,0,0,0,0,0,0,0,0,0,0,0,0,0,0,0,0,0,0,False,a,,0,0,0,2627
499,441164,1,0,,,0,0.0,5.5,19,0,,,0,0,0,0,0,0,0,0,0,0,0,0,0,0,0,0,0,0,0,0,0,False,a,,0,0,0,2627
500,221632,1,0,,,0,0.0,5.0,19,0,,,0,0,0,0,0,0,0,0,0,0,0,0,0,0,0,0,0,0,0,0,0,False,a,,0,0,0,2627
501,135720,1,0,,,0,0.0,5.0,19,0,,,0,0,0,0,0,0,0,0,0,0,0,0,0,0,0,0,0,0,0,0,0,False,a,,0,0,0,2627
502,122798,1,0,,,0,0.0,4.5,19,0,,,0,0,0,0,0,0,0,0,0,0,0,0,0,0,0,0,0,0,0,0,0,False,a,,0,0,0,2627
503,491279,1,0,,,0,0.0,5.0,19,0,,,0,0,0,0,0,0,0,0,0,0,0,0,0,0,0,0,0,0,0,0,0,False,a,,0,0,0,2627
505,232859,1,0,,,0,0.0,4.5,19,0,,,0,0,0,0,0,0,0,0,0,0,0,0,0,0,0,0,0,0,0,0,0,False,a,,0,0,0,2627
506,487053,1,0,,,0,0.0,4.5,19,0,,,0,0,0,0,0,0,0,0,0,0,0,0,0,0,0,0,0,0,0,0,0,False,a,,0,0,0,2627
507,548308,1,0,,,0,0.0,4.5,19,0,,,0,0,0,0,0,0,0,0,0,0,0,0,0,0,0,0,0,0,0,0,0,False,a,,0,0,0,2627
508,115556,1,0,,,0,0.0,4.0,19,0,,,0,0,0,0,0,0,0,0,0,0,0,0,0,0,0,0,0,0,0,0,0,False,a,,0,0,0,2627
509,640419,1,0,,,0,0.0,4.0,19,0,,,0,0,0,0,0,0,0,0,0,0,0,0,0,0,0,0,0,0,0,0,0,False,a,,0,0,0,2627
510,499716,1,0,,,0,0.0,4.0,19,0,,,0,0,0,0,0,0,0,0,0,0,0,0,0,0,0,0,0,0,0,0,0,False,a,,0,0,0,2627
511,616221,1,0,,,0,0.0,4.0,19,0,,,0,0,0,0,0,0,0,0,0,0,0,0,0,0,0,0,0,0,0,0,0,False,a,,0,0,0,2627
512,460842,1,0,,,0,0.0,6.5,19,0,,,0,0,0,0,0,0,0,0,0,0,0,0,0,0,0,0,0,0,0,0,0,False,a,,0,0,0,2627
513,493362,1,0,,,0,0.0,6.0,19,0,,,0,0,0,0,0,0,0,0,0,0,0,0,0,0,0,0,0,0,0,0,0,False,a,,0,0,0,2627
514,511499,1,0,,,0,0.0,6.0,19,0,,,0,0,0,0,0,0,0,0,0,0,0,0,0,0,0,0,0,0,0,0,0,False,a,,0,0,0,2627
515,172780,1,0,,,0,0.0,6.5,19,0,,,0,0,0,0,0,0,0,0,0,0,0,0,0,0,0,0,0,0,0,0,0,False,a,,0,0,0,2627
516,202993,1,0,,,0,0.0,5.5,19,0,,,0,0,0,0,0,0,0,0,0,0,0,0,0,0,0,0,0,0,0,0,0,False,a,,0,0,0,2627
517,550839,1,0,,,0,0.0,5.5,19,0,,,0,0,0,0,0,0,0,0,0,0,0,0,0,0,0,0,0,0,0,0,0,False,a,,0,0,0,2627
518,482442,1,0,,,0,0.0,5.0,19,0,,,0,0,0,0,0,0,0,0,0,0,0,0,0,0,0,0,0,0,0,0,0,False,a,,0,0,0,2627
519,232787,1,0,,,0,0.0,5.5,19,0,,,0,0,0,0,0,0,0,0,0,0,0,0,0,0,0,0,0,0,0,0,0,False,a,,0,0,0,2627
520,570526,1,0,,,0,0.0,5.5,19,0,,,0,0,0,0,0,0,0,0,0,0,0,0,0,0,0,0,0,0,0,0,0,False,a,,0,0,0,2627
521,445044,1,0,,,0,0.0,6.5,19,0,,,0,0,0,0,0,0,0,0,0,0,0,0,0,0,0,0,0,0,0,0,0,False,a,,0,0,0,2627
522,547701,1,0,,,0,0.0,5.0,19,0,,,0,0,0,0,0,0,0,0,0,0,0,0,0,0,0,0,0,0,0,0,0,False,a,,0,0,0,2627
523,499721,1,0,,,0,0.0,5.0,19,0,,,0,0,0,0,0,0,0,0,0,0,0,0,0,0,0,0,0,0,0,0,0,False,a,,0,0,0,2627
524,499726,1,0,,,0,0.0,4.5,19,0,,,0,0,0,0,0,0,0,0,0,0,0,0,0,0,0,0,0,0,0,0,0,False,a,,0,0,0,2627
525,551226,1,0,,,0,0.0,6.0,19,0,,,0,0,0,0,0,0,0,0,0,0,0,0,0,0,0,0,0,0,0,0,0,False,a,,0,0,0,2627
526,154566,1,0,,,0,0.0,6.0,19,0,,,0,0,0,0,0,0,0,0,0,0,0,0,0,0,0,0,0,0,0,0,0,False,a,,0,0,0,2627
527,212319,1,0,,,0,0.0,6.0,19,0,,,0,0,0,0,0,0,0,0,0,0,0,0,0,0,0,0,0,0,0,0,0,False,a,,0,0,0,2627
528,490145,1,0,,,0,0.0,4.5,19,0,,,0,0,0,0,0,0,0,0,0,0,0,0,0,0,0,0,0,0,0,0,0,False,a,,0,0,0,2627
529,498016,1,0,,,0,0.0,5.0,20,0,,,0,0,0,0,0,0,0,0,0,0,0,0,0,0,0,0,0,0,0,0,0,False,a,,0,0,0,2627
530,232571,1,0,,,0,0.0,4.0,20,0,,,0,0,0,0,0,0,0,0,0,0,0,0,0,0,0,0,0,0,0,0,0,False,a,,0,0,0,2627
531,515046,1,0,,,0,0.0,4.5,20,0,,,0,0,0,0,0,0,0,0,0,0,0,0,0,0,0,0,0,0,0,0,0,False,a,,0,0,0,2627
532,223827,1,0,,,0,0.0,5.0,20,0,,,0,0,0,0,0,0,0,0,0,0,0,0,0,0,0,0,0,0,0,0,0,False,a,,0,0,0,2627
533,200834,1,0,,,0,0.0,5.5,20,0,,,0,0,0,0,0,0,0,0,0,0,0,0,0,0,0,0,0,0,0,0,0,False,a,,0,0,0,2627
534,487676,1,0,,,0,0.0,4.5,20,0,,,0,0,0,0,0,0,0,0,0,0,0,0,0,0,0,0,0,0,0,0,0,False,a,,0,0,0,2627
535,201895,1,0,,,0,0.0,5.0,20,0,,,0,0,0,0,0,0,0,0,0,0,0,0,0,0,0,0,0,0,0,0,0,False,a,,0,0,0,2627
536,434399,1,0,,,0,0.0,4.5,20,0,,,0,0,0,0,0,0,0,0,0,0,0,0,0,0,0,0,0,0,0,0,0,False,a,,0,0,0,2627
537,519634,1,0,,,0,0.0,4.5,20,0,,,0,0,0,0,0,0,0,0,0,0,0,0,0,0,0,0,0,0,0,0,0,False,a,,0,0,0,2627
538,477547,1,0,,,0,0.0,4.0,20,0,,,0,0,0,0,0,0,0,0,0,0,0,0,0,0,0,0,0,0,0,0,0,False,a,,0,0,0,2627
539,167512,1,0,,,0,0.0,4.0,20,0,,,0,0,0,0,0,0,0,0,0,0,0,0,0,0,0,0,0,0,0,0,0,False,a,,0,0,0,2627
540,105717,1,0,,,0,0.0,4.0,20,0,,,0,0,0,0,0,0,0,0,0,0,0,0,0,0,0,0,0,0,0,0,0,False,a,,0,0,0,2627
541,93605,1,0,,,0,0.0,4.5,20,0,,,0,0,0,0,0,0,0,0,0,0,0,0,0,0,0,0,0,0,0,0,0,False,a,,0,0,0,2627
542,484420,1,0,,,0,0.0,6.0,20,0,,,0,0,0,0,0,0,0,0,0,0,0,0,0,0,0,0,0,0,0,0,0,False,a,,0,0,0,2627
543,547027,1,0,,,0,0.0,5.5,20,0,,,0,0,0,0,0,0,0,0,0,0,0,0,0,0,0,0,0,0,0,0,0,False,a,,0,0,0,2627
544,84450,1,0,,,0,0.0,5.5,20,0,,,0,0,0,0,0,0,0,0,0,0,0,0,0,0,0,0,0,0,0,0,0,False,a,,0,0,0,2627
545,577669,1,0,,,0,0.0,5.0,20,0,,,0,0,0,0,0,0,0,0,0,0,0,0,0,0,0,0,0,0,0,0,0,False,a,,0,0,0,2627
546,535818,1,0,,,0,0.0,5.0,20,0,,,0,0,0,0,0,0,0,0,0,0,0,0,0,0,0,0,0,0,0,0,0,False,a,,0,0,0,2627
547,461199,1,0,,,0,0.0,5.0,20,0,,,0,0,0,0,0,0,0,0,0,0,0,0,0,0,0,0,0,0,0,0,0,False,a,,0,0,0,2627
548,554197,1,0,,,0,0.0,5.0,20,0,,,0,0,0,0,0,0,0,0,0,0,0,0,0,0,0,0,0,0,0,0,0,False,a,,0,0,0,2627
549,549912,1,0,,,0,0.0,5.5,20,0,,,0,0,0,0,0,0,0,0,0,0,0,0,0,0,0,0,0,0,0,0,0,False,a,,0,0,0,2627
550,699989,1,0,,,0,0.0,5.0,20,0,,,0,0,0,0,0,0,0,0,0,0,0,0,0,0,0,0,0,0,0,0,0,False,a,,0,0,0,2627
551,536661,1,0,,,0,0.0,5.0,20,0,,,0,0,0,0,0,0,0,0,0,0,0,0,0,0,0,0,0,0,0,0,0,False,a,,0,0,0,2627
552,441264,1,0,,,0,0.0,6.0,20,0,,,0,0,0,0,0,0,0,0,0,0,0,0,0,0,0,0,0,0,0,0,0,False,a,,0,0,0,2627
553,437505,1,0,,,0,0.0,5.5,20,0,,,0,0,0,0,0,0,0,0,0,0,0,0,0,0,0,0,0,0,0,0,0,False,a,,0,0,0,2627
