id,code,first_name,second_name,web_name,photo,element_type,season
1,154561,David,Raya Martín,Raya,https://resources.premierleague.com/premierleague25/photos/players/110x140/154561.png,1,2627
2,109745,Kepa,Arrizabalaga Revuelta,Arrizabalaga,https://resources.premierleague.com/premierleague25/photos/players/110x140/109745.png,1,2627
3,437495,Illan,Meslier,Meslier,https://resources.premierleague.com/premierleague25/photos/players/110x140/437495.png,1,2627
4,226597,Gabriel,dos Santos Magalhães,Gabriel,https://resources.premierleague.com/premierleague25/photos/players/110x140/226597.png,2,2627
5,445122,Jurriën,Timber,J.Timber,https://resources.premierleague.com/premierleague25/photos/players/110x140/445122.png,2,2627
6,462424,William,Saliba,Saliba,https://resources.premierleague.com/premierleague25/photos/players/110x140/462424.png,2,2627
7,499169,Myles,Lewis-Skelly,Lewis-Skelly,https://resources.premierleague.com/premierleague25/photos/players/110x140/499169.png,3,2627
8,466075,Riccardo,Calafiori,Calafiori,https://resources.premierleague.com/premierleague25/photos/players/110x140/466075.png,2,2627
9,448104,Piero,Hincapié,Hincapie,https://resources.premierleague.com/premierleague25/photos/players/110x140/448104.png,2,2627
10,198869,Benjamin,White,White,https://resources.premierleague.com/premierleague25/photos/players/110x140/198869.png,2,2627
11,500040,Cristhian,Mosquera,Mosquera,https://resources.premierleague.com/premierleague25/photos/players/110x140/500040.png,2,2627
12,223340,Bukayo,Saka,Saka,https://resources.premierleague.com/premierleague25/photos/players/110x140/223340.png,3,2627
13,204480,Declan,Rice,Rice,https://resources.premierleague.com/premierleague25/photos/players/110x140/204480.png,3,2627
14,232413,Eberechi,Eze,Eze,https://resources.premierleague.com/premierleague25/photos/players/110x140/232413.png,3,2627
15,184029,Martin,Ødegaard,Ødegaard,https://resources.premierleague.com/premierleague25/photos/players/110x140/184029.png,3,2627
16,248857,Noni,Madueke,Madueke,https://resources.premierleague.com/premierleague25/photos/players/110x140/248857.png,3,2627
17,195384,Mikel,Merino Zazón,Merino,https://resources.premierleague.com/premierleague25/photos/players/110x140/195384.png,3,2627
18,444145,Gabriel,Martinelli Silva,Martinelli,https://resources.premierleague.com/premierleague25/photos/players/110x140/444145.png,3,2627
19,481655,Martín,Zubimendi Ibáñez,Zubimendi,https://resources.premierleague.com/premierleague25/photos/players/110x140/481655.png,3,2627
20,616077,Max,Dowman,Dowman,https://resources.premierleague.com/premierleague25/photos/players/110x140/616077.png,3,2627
21,128295,Christian,Nørgaard,Nørgaard,https://resources.premierleague.com/premierleague25/photos/players/110x140/128295.png,3,2627
22,499175,Ethan,Nwaneri,Nwaneri,https://resources.premierleague.com/premierleague25/photos/players/110x140/499175.png,3,2627
23,438098,Fábio,Ferreira Vieira,Fábio Vieira,https://resources.premierleague.com/premierleague25/photos/players/110x140/438098.png,3,2627
24,200641,Reiss,Nelson,Nelson,https://resources.premierleague.com/premierleague25/photos/players/110x140/200641.png,3,2627
25,224117,Viktor,Gyökeres,Gyökeres,https://resources.premierleague.com/premierleague25/photos/players/110x140/224117.png,4,2627
26,219847,Kai,Havertz,Havertz,https://resources.premierleague.com/premierleague25/photos/players/110x140/219847.png,4,2627
27,205651,Gabriel,Fernando de Jesus,G.Jesus,https://resources.premierleague.com/premierleague25/photos/players/110x140/205651.png,4,2627
28,98980,Emiliano,Martínez Romero,Martinez,https://resources.premierleague.com/premierleague25/photos/players/110x140/98980.png,1,2627
29,72147,Marco,Bizot,M.Bizot,https://resources.premierleague.com/premierleague25/photos/players/110x140/72147.png,1,2627
30,101188,Lucas,Digne,Digne,https://resources.premierleague.com/premierleague25/photos/players/110x140/101188.png,2,2627
31,199798,Ezri,Konsa Ngoyo,Konsa,https://resources.premierleague.com/premierleague25/photos/players/110x140/199798.png,2,2627
32,199796,Matty,Cash,Cash,https://resources.premierleague.com/premierleague25/photos/players/110x140/199796.png,2,2627
33,149484,Tyrone,Mings,Mings,https://resources.premierleague.com/premierleague25/photos/players/110x140/149484.png,2,2627
34,244954,Pau,Torres,Pau,https://resources.premierleague.com/premierleague25/photos/players/110x140/244954.png,2,2627
35,515597,Lamare,Bogarde,Bogarde,https://resources.premierleague.com/premierleague25/photos/players/110x140/515597.png,3,2627
36,441302,Ian,Maatsen,Maatsen,https://resources.premierleague.com/premierleague25/photos/players/110x140/441302.png,2,2627
37,184667,Victor,Lindelöf,Lindelöf,https://resources.premierleague.com/premierleague25/photos/players/110x140/184667.png,2,2627
38,606798,Andrés,García,A.García,https://resources.premierleague.com/premierleague25/photos/players/110x140/606798.png,2,2627
39,578545,Kosta,Nedeljkovic,Nedeljkovic,https://resources.premierleague.com/premierleague25/photos/players/110x140/578545.png,2,2627
41,195546,Emiliano,Buendía Stati,Buendía,https://resources.premierleague.com/premierleague25/photos/players/110x140/195546.png,3,2627
42,485337,Evann,Guessand,Guessand,https://resources.premierleague.com/premierleague25/photos/players/110x140/485337.png,3,2627
44,215711,Leon,Bailey,Bailey,https://resources.premierleague.com/premierleague25/photos/players/110x140/215711.png,3,2627
45,122806,John,McGinn,McGinn,https://resources.premierleague.com/premierleague25/photos/players/110x140/122806.png,3,2627
46,88894,Ross,Barkley,Barkley,https://resources.premierleague.com/premierleague25/photos/players/110x140/88894.png,3,2627
47,226944,Boubacar,Kamara,Kamara,https://resources.premierleague.com/premierleague25/photos/players/110x140/226944.png,3,2627
48,449871,Amadou,Onana,Onana,https://resources.premierleague.com/premierleague25/photos/players/110x140/449871.png,3,2627
49,469247,Samuel,Iling-Junior,Iling Jr,https://resources.premierleague.com/premierleague25/photos/players/110x140/469247.png,3,2627
50,645618,Bradley,Burrowes,Burrowes,https://resources.premierleague.com/premierleague25/photos/players/110x140/645618.png,3,2627
51,577285,George,Hemmings,George Hemmings,https://resources.premierleague.com/premierleague25/photos/players/110x140/577285.png,3,2627
52,653481,Alysson Edward Franco,da Rocha dos Santos,Alysson,https://resources.premierleague.com/premierleague25/photos/players/110x140/653481.png,3,2627
53,614071,Johan,Manzambi,Manzambi,https://resources.premierleague.com/premierleague25/photos/players/110x140/614071.png,3,2627
54,448089,Joao,Gomes,Gomes,https://resources.premierleague.com/premierleague25/photos/players/110x140/448089.png,3,2627
55,178301,Ollie,Watkins,Watkins,https://resources.premierleague.com/premierleague25/photos/players/110x140/178301.png,4,2627
56,173879,Tammy,Abraham,Abraham,https://resources.premierleague.com/premierleague25/photos/players/110x140/173879.png,4,2627
57,457569,Đorđe,Petrović,Petrović,https://resources.premierleague.com/premierleague25/photos/players/110x140/457569.png,1,2627
58,40383,Fraser,Forster,Forster,https://resources.premierleague.com/premierleague25/photos/players/110x140/40383.png,1,2627
59,444172,Will,Dennis,Dennis,https://resources.premierleague.com/premierleague25/photos/players/110x140/444172.png,1,2627
60,463981,James,Hill,Hill,https://resources.premierleague.com/premierleague25/photos/players/110x140/463981.png,2,2627
61,494521,Adrien,Truffert,Truffert,https://resources.premierleague.com/premierleague25/photos/players/110x140/494521.png,2,2627
62,242882,Bafodé,Diakité,Diakité,https://resources.premierleague.com/premierleague25/photos/players/110x140/242882.png,2,2627
63,620487,Veljko,Milosavljevic,Milosavljević,https://resources.premierleague.com/premierleague25/photos/players/110x140/620487.png,2,2627
64,54469,Adam,Smith,Smith,https://resources.premierleague.com/premierleague25/photos/players/110x140/54469.png,2,2627
65,436893,Julián,Araujo Zúñiga,J.Araujo,https://resources.premierleague.com/premierleague25/photos/players/110x140/436893.png,2,2627
66,575901,Julio,Soler Barreto,Soler,https://resources.premierleague.com/premierleague25/photos/players/110x140/575901.png,2,2627
67,499604,Rayan Vitor,Simplício Rocha,Rayan,https://resources.premierleague.com/premierleague25/photos/players/110x140/499604.png,3,2627
68,201658,Marcus,Tavernier,Tavernier,https://resources.premierleague.com/premierleague25/photos/players/110x140/201658.png,3,2627
69,503139,Alex,Scott,Scott,https://resources.premierleague.com/premierleague25/photos/players/110x140/503139.png,3,2627
70,222683,Justin,Kluivert,Kluivert,https://resources.premierleague.com/premierleague25/photos/players/110x140/222683.png,3,2627
71,155408,Lewis,Cook,Cook,https://resources.premierleague.com/premierleague25/photos/players/110x140/155408.png,3,2627
72,496208,Ben,Gannon-Doak,Gannon-Doak,https://resources.premierleague.com/premierleague25/photos/players/110x140/496208.png,3,2627
73,200785,Tyler,Adams,Adams,https://resources.premierleague.com/premierleague25/photos/players/110x140/200785.png,3,2627
74,111317,David,Brooks,Brooks,https://resources.premierleague.com/premierleague25/photos/players/110x140/111317.png,3,2627
75,158499,Ryan,Christie,Christie,https://resources.premierleague.com/premierleague25/photos/players/110x140/158499.png,3,2627
76,614574,Alex,Tóth,Tóth.A,https://resources.premierleague.com/premierleague25/photos/players/110x140/614574.png,3,2627
77,489888,Amine,Adli,Adli,https://resources.premierleague.com/premierleague25/photos/players/110x140/489888.png,3,2627
78,560262,Junior,Kroupi,Kroupi.Jr,https://resources.premierleague.com/premierleague25/photos/players/110x140/560262.png,3,2627
79,444102,Francisco Evanilson,de Lima Barbosa,Evanilson,https://resources.premierleague.com/premierleague25/photos/players/110x140/444102.png,4,2627
80,168636,Enes,Ünal,Enes Ünal,https://resources.premierleague.com/premierleague25/photos/players/110x140/168636.png,4,2627
81,561245,Álvaro,Rodríguez,Rodríguez,https://resources.premierleague.com/premierleague25/photos/players/110x140/561245.png,4,2627
82,200720,Caoimhín,Kelleher,Kelleher,https://resources.premierleague.com/premierleague25/photos/players/110x140/200720.png,1,2627
83,507433,Hákon Rafn,Valdimarsson,Valdimarsson,https://resources.premierleague.com/premierleague25/photos/players/110x140/507433.png,1,2627
84,432830,Nathan,Collins,Collins,https://resources.premierleague.com/premierleague25/photos/players/110x140/432830.png,2,2627
85,444765,Sepp,van den Berg,Van den Berg,https://resources.premierleague.com/premierleague25/photos/players/110x140/444765.png,2,2627
86,249231,Keane,Lewis-Potter,Lewis-Potter,https://resources.premierleague.com/premierleague25/photos/players/110x140/249231.png,3,2627
87,191866,Kristoffer,Ajer,Ajer,https://resources.premierleague.com/premierleague25/photos/players/110x140/191866.png,2,2627
88,607464,Michael,Kayode,Kayode,https://resources.premierleague.com/premierleague25/photos/players/110x140/607464.png,2,2627
89,194010,Rico,Henry,Henry,https://resources.premierleague.com/premierleague25/photos/players/110x140/194010.png,2,2627
90,472713,Aaron,Hickey,Hickey,https://resources.premierleague.com/premierleague25/photos/players/110x140/472713.png,2,2627
91,231065,Ethan,Pinnock,Pinnock,https://resources.premierleague.com/premierleague25/photos/players/110x140/231065.png,2,2627
92,570241,Kim,Ji-soo,Ji-soo,https://resources.premierleague.com/premierleague25/photos/players/110x140/570241.png,2,2627
93,513086,Jannik,Schuster,Schuster,https://resources.premierleague.com/premierleague25/photos/players/110x140/513086.png,2,2627
94,513418,Kevin,Schade,Schade,https://resources.premierleague.com/premierleague25/photos/players/110x140/513418.png,3,2627
95,533463,Dango,Ouattara,O.Dango,https://resources.premierleague.com/premierleague25/photos/players/110x140/533463.png,3,2627
96,440089,Mikkel,Damsgaard,Damsgaard,https://resources.premierleague.com/premierleague25/photos/players/110x140/440089.png,3,2627
97,207283,Mathias,Jensen,Jensen,https://resources.premierleague.com/premierleague25/photos/players/110x140/207283.png,3,2627
98,204580,Vitaly,Janelt,Janelt,https://resources.premierleague.com/premierleague25/photos/players/110x140/204580.png,3,2627
99,543295,Antoni,Milambo,Milambo,https://resources.premierleague.com/premierleague25/photos/players/110x140/543295.png,3,2627
100,244858,Fábio,Freitas Gouveia Carvalho,Carvalho,https://resources.premierleague.com/premierleague25/photos/players/110x140/244858.png,3,2627
101,56979,Jordan,Henderson,Henderson,https://resources.premierleague.com/premierleague25/photos/players/110x140/56979.png,3,2627
102,508395,Yehor,Yarmoliuk,Yarmoliuk,https://resources.premierleague.com/premierleague25/photos/players/110x140/508395.png,3,2627
103,183656,Josh,Dasilva,Dasilva,https://resources.premierleague.com/premierleague25/photos/players/110x140/183656.png,3,2627
105,444180,Jaidon,Anthony,Anthony,https://resources.premierleague.com/premierleague25/photos/players/110x140/444180.png,3,2627
106,502500,Igor Thiago,Nascimento Rodrigues,Thiago,https://resources.premierleague.com/premierleague25/photos/players/110x140/502500.png,4,2627
107,593174,Kaye,Furo,Furo,https://resources.premierleague.com/premierleague25/photos/players/110x140/593174.png,4,2627
108,75115,Callum,Wilson,Wilson,https://resources.premierleague.com/premierleague25/photos/players/110x140/75115.png,4,2627
109,489639,Bart,Verbruggen,Verbruggen,https://resources.premierleague.com/premierleague25/photos/players/110x140/489639.png,1,2627
110,472739,Carl,Rushworth,Rushworth,https://resources.premierleague.com/premierleague25/photos/players/110x140/472739.png,1,2627
111,49262,Jason,Steele,Steele,https://resources.premierleague.com/premierleague25/photos/players/110x140/49262.png,1,2627
113,231416,Ferdi,Kadıoğlu,F.Kadıoğlu,https://resources.premierleague.com/premierleague25/photos/players/110x140/231416.png,2,2627
114,204120,Olivier,Boscagli,Boscagli,https://resources.premierleague.com/premierleague25/photos/players/110x140/204120.png,2,2627
115,465730,Maxim,De Cuyper,De Cuyper,https://resources.premierleague.com/premierleague25/photos/players/110x140/465730.png,2,2627
116,83299,Lewis,Dunk,Dunk,https://resources.premierleague.com/premierleague25/photos/players/110x140/83299.png,2,2627
117,550090,Diego,Coppola,Coppola,https://resources.premierleague.com/premierleague25/photos/players/110x140/550090.png,2,2627
118,223434,Igor Julio,dos Santos de Paulo,Igor,https://resources.premierleague.com/premierleague25/photos/players/110x140/223434.png,2,2627
119,451490,João Pedro,Loureiro da Costa,Costinha,https://resources.premierleague.com/premierleague25/photos/players/110x140/451490.png,2,2627
120,454490,Michael,Svoboda,Svoboda,https://resources.premierleague.com/premierleague25/photos/players/110x140/454490.png,2,2627
121,451340,Mitoma,Kaoru,Mitoma,https://resources.premierleague.com/premierleague25/photos/players/110x140/451340.png,3,2627
122,592031,Yankuba,Minteh,Minteh,https://resources.premierleague.com/premierleague25/photos/players/110x140/592031.png,3,2627
123,532529,Jack,Hinshelwood,Hinshelwood,https://resources.premierleague.com/premierleague25/photos/players/110x140/532529.png,3,2627
124,60307,Pascal,Groß,Groß,https://resources.premierleague.com/premierleague25/photos/players/110x140/60307.png,3,2627
125,463067,Georginio,Rutter,Georginio,https://resources.premierleague.com/premierleague25/photos/players/110x140/463067.png,4,2627
126,219249,Matt,O'Riley,O'Riley,https://resources.premierleague.com/premierleague25/photos/players/110x140/219249.png,3,2627
127,514254,Diego,Gómez Amarilla,Gomez,https://resources.premierleague.com/premierleague25/photos/players/110x140/514254.png,3,2627
128,536916,Facundo,Buonanotte,Buonanotte,https://resources.premierleague.com/premierleague25/photos/players/110x140/536916.png,3,2627
129,509416,Yasin,Ayari,Ayari,https://resources.premierleague.com/premierleague25/photos/players/110x140/509416.png,3,2627
130,467779,Mats,Wieffer,Wieffer,https://resources.premierleague.com/premierleague25/photos/players/110x140/467779.png,2,2627
131,535301,Carlos,Baleba,Baleba,https://resources.premierleague.com/premierleague25/photos/players/110x140/535301.png,3,2627
132,597320,Harry,Howell,Howell,https://resources.premierleague.com/premierleague25/photos/players/110x140/597320.png,3,2627
133,549074,Tom,Watson,Watson,https://resources.premierleague.com/premierleague25/photos/players/110x140/549074.png,3,2627
134,556637,Nehemiah,Oriola,Oriola,https://resources.premierleague.com/premierleague25/photos/players/110x140/556637.png,3,2627
135,700308,Zadok,Yohanna,Yohanna,https://resources.premierleague.com/premierleague25/photos/players/110x140/700308.png,3,2627
136,50175,Danny,Welbeck,Welbeck,https://resources.premierleague.com/premierleague25/photos/players/110x140/50175.png,4,2627
137,608181,Stefanos,Tzimas,Tzimas,https://resources.premierleague.com/premierleague25/photos/players/110x140/608181.png,4,2627
138,647850,Charalampos,Kostoulas,Kostoulas,https://resources.premierleague.com/premierleague25/photos/players/110x140/647850.png,4,2627
139,487117,Evan,Ferguson,Ferguson,https://resources.premierleague.com/premierleague25/photos/players/110x140/487117.png,4,2627
328,222694,Pascal,Struijk,Struijk,https://resources.premierleague.com/premierleague25/photos/players/110x140/222694.png,2,2627
504,610799,Luka,Vušković,Vuskovic,https://resources.premierleague.com/premierleague25/photos/players/110x140/610799.png,2,2627
40,244850,Morgan,Rogers,Rogers,https://resources.premierleague.com/premierleague25/photos/players/110x140/244850.png,3,2627
140,215059,Robert,Lynch Sánchez,Sánchez,https://resources.premierleague.com/premierleague25/photos/players/110x140/215059.png,1,2627
141,508479,Filip,Jörgensen,Jörgensen,https://resources.premierleague.com/premierleague25/photos/players/110x140/508479.png,1,2627
142,225796,Reece,James,James,https://resources.premierleague.com/premierleague25/photos/players/110x140/225796.png,2,2627
143,180736,Trevoh,Chalobah,Chalobah,https://resources.premierleague.com/premierleague25/photos/players/110x140/180736.png,2,2627
144,482609,Malo,Gusto,Gusto,https://resources.premierleague.com/premierleague25/photos/players/110x140/482609.png,2,2627
145,444463,Wesley,Fofana,Fofana,https://resources.premierleague.com/premierleague25/photos/players/110x140/444463.png,2,2627
146,242880,Benoît,Badiashile Mukinayi,B.Badiashile,https://resources.premierleague.com/premierleague25/photos/players/110x140/242880.png,2,2627
147,109646,Tosin,Adarabioyo,Tosin,https://resources.premierleague.com/premierleague25/photos/players/110x140/109646.png,2,2627
148,551210,Jorrel,Hato,Hato,https://resources.premierleague.com/premierleague25/photos/players/110x140/551210.png,2,2627
149,460028,Levi,Samuels Colwill,Colwill,https://resources.premierleague.com/premierleague25/photos/players/110x140/460028.png,2,2627
150,574458,Mamadou,Sarr,M.Sarr,https://resources.premierleague.com/premierleague25/photos/players/110x140/574458.png,2,2627
151,577016,Josh,Acheampong,Acheampong,https://resources.premierleague.com/premierleague25/photos/players/110x140/577016.png,2,2627
152,620109,Marco,Palestra,Palestra,https://resources.premierleague.com/premierleague25/photos/players/110x140/620109.png,2,2627
153,220362,Axel,Disasi,Disasi,https://resources.premierleague.com/premierleague25/photos/players/110x140/220362.png,2,2627
154,244851,Cole,Palmer,Palmer,https://resources.premierleague.com/premierleague25/photos/players/110x140/244851.png,3,2627
155,448047,Enzo,Fernández,Enzo,https://resources.premierleague.com/premierleague25/photos/players/110x140/448047.png,3,2627
156,247632,Pedro,Lomba Neto,Neto,https://resources.premierleague.com/premierleague25/photos/players/110x140/247632.png,3,2627
157,624773,Estêvão,Almeida de Oliveira Gonçalves,Estêvão,https://resources.premierleague.com/premierleague25/photos/players/110x140/624773.png,3,2627
158,463936,Jamie,Bynoe-Gittens,Gittens,https://resources.premierleague.com/premierleague25/photos/players/110x140/463936.png,3,2627
159,486672,Moisés,Caicedo Corozo,Caicedo,https://resources.premierleague.com/premierleague25/photos/players/110x140/486672.png,3,2627
160,493105,Alejandro,Garnacho Ferreyra,Garnacho,https://resources.premierleague.com/premierleague25/photos/players/110x140/493105.png,3,2627
161,514356,Roméo,Lavia,Lavia,https://resources.premierleague.com/premierleague25/photos/players/110x140/514356.png,3,2627
163,491007,Dário,Luís Essugo,D.Essugo,https://resources.premierleague.com/premierleague25/photos/players/110x140/491007.png,3,2627
164,593117,Geovany,Quenda,Quenda,https://resources.premierleague.com/premierleague25/photos/players/110x140/593117.png,3,2627
165,475168,João Pedro,Junqueira de Jesus,João Pedro,https://resources.premierleague.com/premierleague25/photos/players/110x140/475168.png,4,2627
166,517052,Nicolas,Jackson,N.Jackson,https://resources.premierleague.com/premierleague25/photos/players/110x140/517052.png,4,2627
167,463034,Liam,Delap,Delap,https://resources.premierleague.com/premierleague25/photos/players/110x140/463034.png,4,2627
168,499309,Marc,Guiu Paz,Marc Guiu,https://resources.premierleague.com/premierleague25/photos/players/110x140/499309.png,4,2627
169,567119,Shumaira,Mheuka,Mheuka,https://resources.premierleague.com/premierleague25/photos/players/110x140/567119.png,4,2627
170,503037,Emmanuel,Emegha,Emegha,https://resources.premierleague.com/premierleague25/photos/players/110x140/503037.png,4,2627
104,428580,Frank,Onyeka,Onyeka,https://resources.premierleague.com/premierleague25/photos/players/110x140/428580.png,3,2627
171,484389,Oliver,Dovin,Dovin,https://resources.premierleague.com/premierleague25/photos/players/110x140/484389.png,1,2627
172,110690,Ben,Wilson,Wilson,https://resources.premierleague.com/premierleague25/photos/players/110x140/110690.png,1,2627
173,461102,Bobby,Thomas,Thomas,https://resources.premierleague.com/premierleague25/photos/players/110x140/461102.png,2,2627
174,436761,Liam,Kitching,Kitching,https://resources.premierleague.com/premierleague25/photos/players/110x140/436761.png,2,2627
175,451284,Milan,van Ewijk,van Ewijk,https://resources.premierleague.com/premierleague25/photos/players/110x140/451284.png,2,2627
176,173878,Jay,Dasilva,Dasilva,https://resources.premierleague.com/premierleague25/photos/players/110x140/173878.png,2,2627
177,465390,Kaine,Kesler-Hayden,Kesler-Hayden,https://resources.premierleague.com/premierleague25/photos/players/110x140/465390.png,2,2627
178,80178,Jake,Bidwell,Bidwell,https://resources.premierleague.com/premierleague25/photos/players/110x140/80178.png,2,2627
179,204813,Joel,Latibeaudiere,Latibeaudiere,https://resources.premierleague.com/premierleague25/photos/players/110x140/204813.png,2,2627
180,220583,Luke,Woolfenden,Woolfenden,https://resources.premierleague.com/premierleague25/photos/players/110x140/220583.png,2,2627
181,577411,Miguel,Brau,Brau,https://resources.premierleague.com/premierleague25/photos/players/110x140/577411.png,2,2627
182,539142,Aurèle,Amenda,Amenda,https://resources.premierleague.com/premierleague25/photos/players/110x140/539142.png,2,2627
183,480457,Jack,Rudoni,Rudoni,https://resources.premierleague.com/premierleague25/photos/players/110x140/480457.png,3,2627
184,168144,Matt,Grimes,Grimes,https://resources.premierleague.com/premierleague25/photos/players/110x140/168144.png,3,2627
185,501459,Tatsuhiro,Sakamoto,Sakamoto,https://resources.premierleague.com/premierleague25/photos/players/110x140/501459.png,3,2627
186,241293,Ephron,Mason-Clark,Mason-Clark,https://resources.premierleague.com/premierleague25/photos/players/110x140/241293.png,3,2627
187,439668,Josh,Eccles,Eccles,https://resources.premierleague.com/premierleague25/photos/players/110x140/439668.png,3,2627
188,226965,Victor,Torp,Torp,https://resources.premierleague.com/premierleague25/photos/players/110x140/226965.png,3,2627
189,684268,George,Shepherd,Shepherd,https://resources.premierleague.com/premierleague25/photos/players/110x140/684268.png,3,2627
190,469272,Loum,Tchaouna,Tchaouna,https://resources.premierleague.com/premierleague25/photos/players/110x140/469272.png,3,2627
191,492498,Raphael,Borges Rodrigues,Borges Rodrigues,https://resources.premierleague.com/premierleague25/photos/players/110x140/492498.png,3,2627
192,629397,Kaine,Andrews,Andrews,https://resources.premierleague.com/premierleague25/photos/players/110x140/629397.png,3,2627
193,176412,Haji,Wright,Wright,https://resources.premierleague.com/premierleague25/photos/players/110x140/176412.png,4,2627
194,230730,Brandon,Thomas-Asante,Thomas-Asante,https://resources.premierleague.com/premierleague25/photos/players/110x140/230730.png,4,2627
195,218997,Ellis,Simms,Simms,https://resources.premierleague.com/premierleague25/photos/players/110x140/218997.png,4,2627
196,551262,Jahnoah,Markelo,Markelo,https://resources.premierleague.com/premierleague25/photos/players/110x140/551262.png,4,2627
197,549653,Norman,Bassette,Bassette,https://resources.premierleague.com/premierleague25/photos/players/110x140/549653.png,4,2627
198,172649,Dean,Henderson,Henderson,https://resources.premierleague.com/premierleague25/photos/players/110x140/172649.png,1,2627
199,121709,Walter,Benítez,Benitez,https://resources.premierleague.com/premierleague25/photos/players/110x140/121709.png,1,2627
200,437499,Maxence,Lacroix,Lacroix,https://resources.premierleague.com/premierleague25/photos/players/110x140/437499.png,2,2627
201,247348,Daniel,Muñoz Mejía,Muñoz,https://resources.premierleague.com/premierleague25/photos/players/110x140/247348.png,2,2627
202,427623,Chris,Richards,Richards,https://resources.premierleague.com/premierleague25/photos/players/110x140/427623.png,2,2627
203,651426,Jaydee,Canvot,Canvot,https://resources.premierleague.com/premierleague25/photos/players/110x140/651426.png,2,2627
204,244723,Tyrick,Mitchell,Mitchell,https://resources.premierleague.com/premierleague25/photos/players/110x140/244723.png,2,2627
205,218364,Borna,Sosa,Sosa,https://resources.premierleague.com/premierleague25/photos/players/110x140/218364.png,2,2627
206,515621,Chadi,Riad Dnanou,Chadi Riad,https://resources.premierleague.com/premierleague25/photos/players/110x140/515621.png,2,2627
207,242313,Oscar,Mingueza,Mingueza,https://resources.premierleague.com/premierleague25/photos/players/110x140/242313.png,2,2627
208,232185,Ismaïla,Sarr,Sarr,https://resources.premierleague.com/premierleague25/photos/players/110x140/232185.png,3,2627
209,242898,Brennan,Johnson,Johnson,https://resources.premierleague.com/premierleague25/photos/players/110x140/242898.png,3,2627
210,496221,Adam,Wharton,Wharton,https://resources.premierleague.com/premierleague25/photos/players/110x140/496221.png,3,2627
211,488024,Yéremy,Pino Santos,Yeremy,https://resources.premierleague.com/premierleague25/photos/players/110x140/488024.png,3,2627
212,108413,Will,Hughes,Hughes,https://resources.premierleague.com/premierleague25/photos/players/110x140/108413.png,3,2627
213,152551,Jefferson,Lerma Solís,Lerma,https://resources.premierleague.com/premierleague25/photos/players/110x140/152551.png,3,2627
214,209400,Daichi,Kamada,Kamada,https://resources.premierleague.com/premierleague25/photos/players/110x140/209400.png,3,2627
215,489706,Justin,Devenny,Devenny,https://resources.premierleague.com/premierleague25/photos/players/110x140/489706.png,3,2627
216,606921,Romain,Esse,Esse,https://resources.premierleague.com/premierleague25/photos/players/110x140/606921.png,3,2627
217,536694,Matheus,França de Oliveira,M.França,https://resources.premierleague.com/premierleague25/photos/players/110x140/536694.png,3,2627
218,438464,Cheick,Doucouré,Doucouré,https://resources.premierleague.com/premierleague25/photos/players/110x140/438464.png,3,2627
219,450542,Jesurun,Rak-Sakyi,J.Rak-Sakyi,https://resources.premierleague.com/premierleague25/photos/players/110x140/450542.png,3,2627
220,590014,Rio,Cardines,Cardines,https://resources.premierleague.com/premierleague25/photos/players/110x140/590014.png,2,2627
221,672492,Joél,Drakes-Thomas,Drakes-Thomas,https://resources.premierleague.com/premierleague25/photos/players/110x140/672492.png,3,2627
222,247412,Jørgen,Strand Larsen,Strand Larsen,https://resources.premierleague.com/premierleague25/photos/players/110x140/247412.png,4,2627
223,231747,Jean-Philippe,Mateta,Mateta,https://resources.premierleague.com/premierleague25/photos/players/110x140/231747.png,4,2627
224,205533,Eddie,Nketiah,Nketiah,https://resources.premierleague.com/premierleague25/photos/players/110x140/205533.png,4,2627
225,660392,Christantus,Uche,Uche,https://resources.premierleague.com/premierleague25/photos/players/110x140/660392.png,4,2627
555,169593,Remi,Matthews,Matthews,https://resources.premierleague.com/premierleague25/photos/players/110x140/169593.png,1,2627
226,111234,Jordan,Pickford,Pickford,https://resources.premierleague.com/premierleague25/photos/players/110x140/111234.png,1,2627
227,229600,Mark,Travers,Travers,https://resources.premierleague.com/premierleague25/photos/players/110x140/229600.png,1,2627
228,138001,Tom,King,King,https://resources.premierleague.com/premierleague25/photos/players/110x140/138001.png,1,2627
229,17761,James,Tarkowski,Tarkowski,https://resources.premierleague.com/premierleague25/photos/players/110x140/17761.png,2,2627
230,480455,Jarrad,Branthwaite,Branthwaite,https://resources.premierleague.com/premierleague25/photos/players/110x140/480455.png,2,2627
231,106611,Michael,Keane,Keane,https://resources.premierleague.com/premierleague25/photos/players/110x140/106611.png,2,2627
232,512462,Jake,O'Brien,O'Brien,https://resources.premierleague.com/premierleague25/photos/players/110x140/512462.png,2,2627
233,224967,Vitalii,Mykolenko,Mykolenko,https://resources.premierleague.com/premierleague25/photos/players/110x140/224967.png,2,2627
234,243571,Nathan,Patterson,Patterson,https://resources.premierleague.com/premierleague25/photos/players/110x140/243571.png,2,2627
235,499300,Adam,Aznou,Aznou,https://resources.premierleague.com/premierleague25/photos/players/110x140/499300.png,2,2627
236,215413,Kiernan,Dewsbury-Hall,Dewsbury-Hall,https://resources.premierleague.com/premierleague25/photos/players/110x140/215413.png,3,2627
237,440993,Iliman,Ndiaye,Ndiaye,https://resources.premierleague.com/premierleague25/photos/players/110x140/440993.png,3,2627
239,232928,James,Garner,Garner,https://resources.premierleague.com/premierleague25/photos/players/110x140/232928.png,3,2627
240,490094,Tim,Iroegbunam,Iroegbunam,https://resources.premierleague.com/premierleague25/photos/players/110x140/490094.png,3,2627
241,433154,Dwight,McNeil,McNeil,https://resources.premierleague.com/premierleague25/photos/players/110x140/433154.png,3,2627
242,550615,Tyrique,George,George,https://resources.premierleague.com/premierleague25/photos/players/110x140/550615.png,3,2627
243,502697,Carlos,Alcaraz Durán,Alcaraz,https://resources.premierleague.com/premierleague25/photos/players/110x140/502697.png,3,2627
244,609873,Harrison,Armstrong,Armstrong,https://resources.premierleague.com/premierleague25/photos/players/110x140/609873.png,3,2627
245,496661,Tyler,Dibling,Dibling,https://resources.premierleague.com/premierleague25/photos/players/110x140/496661.png,3,2627
246,513466,Merlin,Röhl,Röhl,https://resources.premierleague.com/premierleague25/photos/players/110x140/513466.png,3,2627
247,244860,Hayden,Hackney,Hackney,https://resources.premierleague.com/premierleague25/photos/players/110x140/244860.png,3,2627
248,486385,Norberto Bercique,Gomes Betuncal,Beto,https://resources.premierleague.com/premierleague25/photos/players/110x140/486385.png,4,2627
249,586309,Thierno,Barry,Barry,https://resources.premierleague.com/premierleague25/photos/players/110x140/586309.png,4,2627
250,80201,Bernd,Leno,Leno,https://resources.premierleague.com/premierleague25/photos/players/110x140/80201.png,1,2627
251,86873,Benjamin,Lecomte,Lecomte,https://resources.premierleague.com/premierleague25/photos/players/110x140/86873.png,1,2627
252,505079,Alfie,McNally,McNally,https://resources.premierleague.com/premierleague25/photos/players/110x140/505079.png,1,2627
253,174874,Joachim,Andersen,Andersen,https://resources.premierleague.com/premierleague25/photos/players/110x140/174874.png,2,2627
254,169528,Antonee,Robinson,Robinson,https://resources.premierleague.com/premierleague25/photos/players/110x140/169528.png,2,2627
255,246301,Jorge,Cuenca Barreno,J.Cuenca,https://resources.premierleague.com/premierleague25/photos/players/110x140/246301.png,2,2627
256,167074,Kenny,Tete,Tete,https://resources.premierleague.com/premierleague25/photos/players/110x140/167074.png,2,2627
257,232892,Calvin,Bassey,Bassey,https://resources.premierleague.com/premierleague25/photos/players/110x140/232892.png,2,2627
258,166477,Timothy,Castagne,Castagne,https://resources.premierleague.com/premierleague25/photos/players/110x140/166477.png,2,2627
261,153133,Alex,Iwobi,Iwobi,https://resources.premierleague.com/premierleague25/photos/players/110x140/153133.png,3,2627
262,209289,Emile,Smith Rowe,Smith Rowe,https://resources.premierleague.com/premierleague25/photos/players/110x140/209289.png,3,2627
263,560552,Kevin,Santos Lopes de Macedo,Kevin,https://resources.premierleague.com/premierleague25/photos/players/110x140/560552.png,3,2627
264,477555,Oscar,Bobb,Bobb,https://resources.premierleague.com/premierleague25/photos/players/110x140/477555.png,3,2627
265,207189,Sander,Berge,Berge,https://resources.premierleague.com/premierleague25/photos/players/110x140/207189.png,3,2627
266,76357,Tom,Cairney,Cairney,https://resources.premierleague.com/premierleague25/photos/players/110x140/76357.png,3,2627
267,212314,Saša,Lukić,Lukić,https://resources.premierleague.com/premierleague25/photos/players/110x140/212314.png,3,2627
268,577725,Josh,King,King,https://resources.premierleague.com/premierleague25/photos/players/110x140/577725.png,3,2627
269,184349,Ryan,Sessegnon,Sessegnon,https://resources.premierleague.com/premierleague25/photos/players/110x140/184349.png,2,2627
270,153366,Harrison,Reed,Reed,https://resources.premierleague.com/premierleague25/photos/players/110x140/153366.png,3,2627
271,244042,Rodrigo,Muniz Carvalho,Muniz,https://resources.premierleague.com/premierleague25/photos/players/110x140/244042.png,4,2627
272,631786,Jonah,Kusi-Asare,Kusi-Asare,https://resources.premierleague.com/premierleague25/photos/players/110x140/631786.png,4,2627
273,167825,Dillon,Phillips,Phillips,https://resources.premierleague.com/premierleague25/photos/players/110x140/167825.png,1,2627
274,105666,Jack,Butland,Butland,https://resources.premierleague.com/premierleague25/photos/players/110x140/105666.png,1,2627
275,494950,Harvey,Cartwright,Cartwright,https://resources.premierleague.com/premierleague25/photos/players/110x140/494950.png,1,2627
276,444307,Thimothée,Lo-Tutala,Lo-Tutala,https://resources.premierleague.com/premierleague25/photos/players/110x140/444307.png,1,2627
277,108416,John,Egan,Egan,https://resources.premierleague.com/premierleague25/photos/players/110x140/108416.png,2,2627
278,501902,Charlie,Hughes,Hughes,https://resources.premierleague.com/premierleague25/photos/players/110x140/501902.png,2,2627
279,146426,Semi,Ajayi,Ajayi,https://resources.premierleague.com/premierleague25/photos/players/110x140/146426.png,2,2627
280,193278,Lewie,Coyle,Coyle,https://resources.premierleague.com/premierleague25/photos/players/110x140/193278.png,2,2627
281,433590,Cody,Drameh,Drameh,https://resources.premierleague.com/premierleague25/photos/players/110x140/433590.png,2,2627
282,232351,Ryan,Giles,Giles,https://resources.premierleague.com/premierleague25/photos/players/110x140/232351.png,2,2627
283,449428,Matty,Jacob,Jacob,https://resources.premierleague.com/premierleague25/photos/players/110x140/449428.png,2,2627
284,661800,Cathal,McCarthy,McCarthy,https://resources.premierleague.com/premierleague25/photos/players/110x140/661800.png,2,2627
285,160817,Paddy,McNair,McNair,https://resources.premierleague.com/premierleague25/photos/players/110x140/160817.png,2,2627
286,540324,Mohamed,Belloumi,Belloumi,https://resources.premierleague.com/premierleague25/photos/players/110x140/540324.png,3,2627
287,232905,Liam,Millar,Millar,https://resources.premierleague.com/premierleague25/photos/players/110x140/232905.png,3,2627
288,171270,Kieran,Dowell,Dowell,https://resources.premierleague.com/premierleague25/photos/players/110x140/171270.png,3,2627
289,101282,Matt,Crooks,Crooks,https://resources.premierleague.com/premierleague25/photos/players/110x140/101282.png,3,2627
290,243413,Regan,Slater,Slater,https://resources.premierleague.com/premierleague25/photos/players/110x140/243413.png,3,2627
291,465525,Eliot,Matazo,Matazo,https://resources.premierleague.com/premierleague25/photos/players/110x140/465525.png,3,2627
292,208481,Abdülkadir,Ömür,Ömür,https://resources.premierleague.com/premierleague25/photos/players/110x140/208481.png,3,2627
293,490161,Abu,Kamara,Kamara,https://resources.premierleague.com/premierleague25/photos/players/110x140/490161.png,3,2627
294,553783,Óscar,Zambrano,Zambrano,https://resources.premierleague.com/premierleague25/photos/players/110x140/553783.png,3,2627
295,169432,Oli,McBurnie,McBurnie,https://resources.premierleague.com/premierleague25/photos/players/110x140/169432.png,4,2627
296,213292,David,Akintola,Akintola,https://resources.premierleague.com/premierleague25/photos/players/110x140/213292.png,3,2627
297,470294,Darko,Gyabi,Gyabi,https://resources.premierleague.com/premierleague25/photos/players/110x140/470294.png,3,2627
298,500957,Enis,Destan,Destan,https://resources.premierleague.com/premierleague25/photos/players/110x140/500957.png,4,2627
299,534392,Mason,Burstow,Burstow,https://resources.premierleague.com/premierleague25/photos/players/110x140/534392.png,4,2627
259,219924,Issa,Diop,Diop,https://resources.premierleague.com/premierleague25/photos/players/110x140/219924.png,2,2627
300,108813,Christian,Walton,Walton,https://resources.premierleague.com/premierleague25/photos/players/110x140/108813.png,1,2627
301,112520,Alex,Palmer,Palmer,https://resources.premierleague.com/premierleague25/photos/players/110x140/112520.png,1,2627
302,50093,David,Button,Button,https://resources.premierleague.com/premierleague25/photos/players/110x140/50093.png,1,2627
303,183015,Cédric,Kipré,Kipré,https://resources.premierleague.com/premierleague25/photos/players/110x140/183015.png,2,2627
304,216616,Dara,O'Shea,O'Shea,https://resources.premierleague.com/premierleague25/photos/players/110x140/216616.png,2,2627
305,455084,Leif,Davis,Davis,https://resources.premierleague.com/premierleague25/photos/players/110x140/455084.png,2,2627
306,449429,Jacob,Greaves,Greaves,https://resources.premierleague.com/premierleague25/photos/players/110x140/449429.png,2,2627
307,222018,Ben,Johnson,Johnson,https://resources.premierleague.com/premierleague25/photos/players/110x140/222018.png,2,2627
308,176420,Darnell,Furlong,Furlong,https://resources.premierleague.com/premierleague25/photos/players/110x140/176420.png,2,2627
309,501390,Marcelino,Núñez,Núñez,https://resources.premierleague.com/premierleague25/photos/players/110x140/501390.png,3,2627
310,241117,Azor,Matusiwa,Matusiwa,https://resources.premierleague.com/premierleague25/photos/players/110x140/241117.png,3,2627
311,149929,Wes,Burns,Burns,https://resources.premierleague.com/premierleague25/photos/players/110x140/149929.png,3,2627
312,231899,Jack,Taylor,Taylor,https://resources.premierleague.com/premierleague25/photos/players/110x140/231899.png,3,2627
313,443261,Jack,Clarke,Clarke,https://resources.premierleague.com/premierleague25/photos/players/110x140/443261.png,3,2627
314,229164,Chiedozie,Ogbene,Ogbene,https://resources.premierleague.com/premierleague25/photos/players/110x140/229164.png,3,2627
315,531442,Abdul,Fatawu,Fatawu,https://resources.premierleague.com/premierleague25/photos/players/110x140/531442.png,3,2627
316,543968,Emersonn,Correia da Silva,Emersonn,https://resources.premierleague.com/premierleague25/photos/players/110x140/543968.png,4,2627
317,222625,George,Hirst,Hirst,https://resources.premierleague.com/premierleague25/photos/players/110x140/222625.png,4,2627
318,481624,Jaden,Philogene,Philogene,https://resources.premierleague.com/premierleague25/photos/players/110x140/481624.png,3,2627
319,172453,Sam,Szmodics,Szmodics,https://resources.premierleague.com/premierleague25/photos/players/110x140/172453.png,3,2627
320,147675,Chuba,Akpom,Akpom,https://resources.premierleague.com/premierleague25/photos/players/110x140/147675.png,4,2627
321,557012,Sindre,Walle Egeli,Walle Egeli,https://resources.premierleague.com/premierleague25/photos/players/110x140/557012.png,4,2627
322,462387,Ali,Al-Hamadi,Al-Hamadi,https://resources.premierleague.com/premierleague25/photos/players/110x140/462387.png,4,2627
323,461587,Kasey,McAteer,McAteer,https://resources.premierleague.com/premierleague25/photos/players/110x140/461587.png,3,2627
324,232457,Anis,Mehmeti,Mehmeti,https://resources.premierleague.com/premierleague25/photos/players/110x140/232457.png,3,2627
554,546600,Kayne,van Oevelen,van Oevelen,https://resources.premierleague.com/premierleague25/photos/players/110x140/546600.png,1,2627
260,153682,Harry,Wilson,Wilson,https://resources.premierleague.com/premierleague25/photos/players/110x140/153682.png,3,2627
326,201595,Lucas Estella,Perri,Perri,https://resources.premierleague.com/premierleague25/photos/players/110x140/201595.png,1,2627
327,434752,Jaka,Bijol,Bijol,https://resources.premierleague.com/premierleague25/photos/players/110x140/434752.png,2,2627
329,214225,Joe,Rodon,Rodon,https://resources.premierleague.com/premierleague25/photos/players/110x140/214225.png,2,2627
330,226182,Jayden,Bogle,Bogle,https://resources.premierleague.com/premierleague25/photos/players/110x140/226182.png,2,2627
331,243526,Gabriel,Gudmundsson,Gudmundsson,https://resources.premierleague.com/premierleague25/photos/players/110x140/243526.png,2,2627
332,220627,James,Justin,Justin,https://resources.premierleague.com/premierleague25/photos/players/110x140/220627.png,2,2627
333,437738,Sebastiaan,Bornauw,Bornauw,https://resources.premierleague.com/premierleague25/photos/players/110x140/437738.png,2,2627
334,522047,Tarik,Muharemović,Muharemović,https://resources.premierleague.com/premierleague25/photos/players/110x140/522047.png,2,2627
335,466525,Anton,Stach,Stach,https://resources.premierleague.com/premierleague25/photos/players/110x140/466525.png,3,2627
336,435997,Noah,Okafor,Okafor,https://resources.premierleague.com/premierleague25/photos/players/110x140/435997.png,3,2627
337,427637,Brenden,Aaronson,Aaronson,https://resources.premierleague.com/premierleague25/photos/players/110x140/427637.png,3,2627
338,199598,Ethan,Ampadu,Ampadu,https://resources.premierleague.com/premierleague25/photos/players/110x140/199598.png,3,2627
339,180135,Sean,Longstaff,Longstaff,https://resources.premierleague.com/premierleague25/photos/players/110x140/180135.png,3,2627
340,462635,Joe,Gelhardt,Gelhardt,https://resources.premierleague.com/premierleague25/photos/players/110x140/462635.png,3,2627
341,492859,Wilfried,Gnonto,Gnonto,https://resources.premierleague.com/premierleague25/photos/players/110x140/492859.png,3,2627
342,221399,Jack,Harrison,Harrison,https://resources.premierleague.com/premierleague25/photos/players/110x140/221399.png,3,2627
343,200617,Daniel,James,James,https://resources.premierleague.com/premierleague25/photos/players/110x140/200617.png,3,2627
344,486520,Ilia,Gruev,Gruev,https://resources.premierleague.com/premierleague25/photos/players/110x140/486520.png,3,2627
345,248056,Tanaka,Ao,Tanaka,https://resources.premierleague.com/premierleague25/photos/players/110x140/248056.png,3,2627
346,177815,Dominic,Calvert-Lewin,Calvert-Lewin,https://resources.premierleague.com/premierleague25/photos/players/110x140/177815.png,4,2627
347,174594,Lukas,Nmecha,Nmecha,https://resources.premierleague.com/premierleague25/photos/players/110x140/174594.png,4,2627
348,235826,Joël,Piroe,Piroe,https://resources.premierleague.com/premierleague25/photos/players/110x140/235826.png,4,2627
349,565297,Mateo,Joseph Fernández-Regatillo,Mateo Joseph,https://resources.premierleague.com/premierleague25/photos/players/110x140/565297.png,4,2627
350,116535,Alisson,Becker,A.Becker,https://resources.premierleague.com/premierleague25/photos/players/110x140/116535.png,1,2627
351,449027,Giorgi,Mamardashvili,Mamardashvili,https://resources.premierleague.com/premierleague25/photos/players/110x140/449027.png,1,2627
352,155503,Freddie,Woodman,Woodman,https://resources.premierleague.com/premierleague25/photos/players/110x140/155503.png,1,2627
353,586268,Armin,Pecsi,Pecsi,https://resources.premierleague.com/premierleague25/photos/players/110x140/586268.png,1,2627
354,432987,Vitezslav,Jaros,Jaros,https://resources.premierleague.com/premierleague25/photos/players/110x140/432987.png,1,2627
355,464353,Harvey,Davies,Davies,https://resources.premierleague.com/premierleague25/photos/players/110x140/464353.png,1,2627
356,97032,Virgil,van Dijk,Virgil,https://resources.premierleague.com/premierleague25/photos/players/110x140/97032.png,2,2627
357,216094,Jeremie,Frimpong,Frimpong,https://resources.premierleague.com/premierleague25/photos/players/110x140/216094.png,2,2627
358,544877,Milos,Kerkez,Kerkez,https://resources.premierleague.com/premierleague25/photos/players/110x140/544877.png,2,2627
359,171287,Joe,Gomez,Gomez,https://resources.premierleague.com/premierleague25/photos/players/110x140/171287.png,2,2627
360,492777,Conor,Bradley,Bradley,https://resources.premierleague.com/premierleague25/photos/players/110x140/492777.png,2,2627
361,519440,Wellity,Lucky,Lucky,https://resources.premierleague.com/premierleague25/photos/players/110x140/519440.png,2,2627
362,606702,Jeremy,Jacquet,Jacquet,https://resources.premierleague.com/premierleague25/photos/players/110x140/606702.png,2,2627
363,647681,Giovanni,Leoni,Leoni,https://resources.premierleague.com/premierleague25/photos/players/110x140/647681.png,2,2627
364,214285,Kostas,Tsimikas,Tsimikas,https://resources.premierleague.com/premierleague25/photos/players/110x140/214285.png,2,2627
365,489580,Calvin,Ramsay,Ramsay,https://resources.premierleague.com/premierleague25/photos/players/110x140/489580.png,2,2627
366,494595,Florian,Wirtz,Wirtz,https://resources.premierleague.com/premierleague25/photos/players/110x140/494595.png,3,2627
367,243298,Cody,Gakpo,Gakpo,https://resources.premierleague.com/premierleague25/photos/players/110x140/243298.png,3,2627
368,424876,Dominik,Szoboszlai,Szoboszlai,https://resources.premierleague.com/premierleague25/photos/players/110x140/424876.png,3,2627
369,611922,Rio,Ngumoha,Ngumoha,https://resources.premierleague.com/premierleague25/photos/players/110x140/611922.png,3,2627
370,223541,Federico,Chiesa,Chiesa,https://resources.premierleague.com/premierleague25/photos/players/110x140/223541.png,3,2627
371,441266,Ryan,Gravenberch,Gravenberch,https://resources.premierleague.com/premierleague25/photos/players/110x140/441266.png,3,2627
372,243016,Alexis,Mac Allister,Mac Allister,https://resources.premierleague.com/premierleague25/photos/players/110x140/243016.png,3,2627
373,206915,Curtis,Jones,C.Jones,https://resources.premierleague.com/premierleague25/photos/players/110x140/206915.png,3,2627
374,158983,Endo,Wataru,Endo,https://resources.premierleague.com/premierleague25/photos/players/110x140/158983.png,3,2627
375,591386,Trey,Nyoni,Nyoni,https://resources.premierleague.com/premierleague25/photos/players/110x140/591386.png,3,2627
376,535928,Stefan,Bajčetić Maquieira,Bajcetic,https://resources.premierleague.com/premierleague25/photos/players/110x140/535928.png,3,2627
377,551499,Victor,Munoz,Munoz,https://resources.premierleague.com/premierleague25/photos/players/110x140/551499.png,3,2627
378,491501,James,McConnell,McConnell,https://resources.premierleague.com/premierleague25/photos/players/110x140/491501.png,3,2627
379,219168,Alexander,Isak,Isak,https://resources.premierleague.com/premierleague25/photos/players/110x140/219168.png,4,2627
380,510663,Hugo,Ekitiké,Ekitiké,https://resources.premierleague.com/premierleague25/photos/players/110x140/510663.png,4,2627
381,514514,Lewis,Koumas,Koumas,https://resources.premierleague.com/premierleague25/photos/players/110x140/514514.png,3,2627
382,500058,Jayden,Danns,Danns,https://resources.premierleague.com/premierleague25/photos/players/110x140/500058.png,4,2627
383,444884,Harvey,Elliott,Elliott,https://resources.premierleague.com/premierleague25/photos/players/110x140/444884.png,3,2627
238,114283,Jack,Grealish,Grealish,https://resources.premierleague.com/premierleague25/photos/players/110x140/114283.png,3,2627
384,204936,Gianluigi,Donnarumma,Donnarumma,https://resources.premierleague.com/premierleague25/photos/players/110x140/204936.png,1,2627
385,432720,James,Trafford,Trafford,https://resources.premierleague.com/premierleague25/photos/players/110x140/432720.png,1,2627
386,122074,Marcus,Bettinelli,Bettinelli,https://resources.premierleague.com/premierleague25/photos/players/110x140/122074.png,1,2627
387,472769,Nico,O'Reilly,O'Reilly,https://resources.premierleague.com/premierleague25/photos/players/110x140/472769.png,2,2627
388,209036,Marc,Guéhi,Guéhi,https://resources.premierleague.com/premierleague25/photos/players/110x140/209036.png,2,2627
389,465351,Matheus,Nunes,Matheus N.,https://resources.premierleague.com/premierleague25/photos/players/110x140/465351.png,2,2627
390,171314,Rúben,dos Santos Gato Alves Dias,Rúben,https://resources.premierleague.com/premierleague25/photos/players/110x140/171314.png,2,2627
391,477424,Joško,Gvardiol,Gvardiol,https://resources.premierleague.com/premierleague25/photos/players/110x140/477424.png,2,2627
392,448514,Rayan,Aït-Nouri,Aït-Nouri,https://resources.premierleague.com/premierleague25/photos/players/110x140/448514.png,2,2627
393,578153,Abdukodir,Khusanov,Khusanov,https://resources.premierleague.com/premierleague25/photos/players/110x140/578153.png,2,2627
394,494307,Max,Alleyne,Alleyne,https://resources.premierleague.com/premierleague25/photos/players/110x140/494307.png,2,2627
395,477064,Rico,Lewis,Lewis,https://resources.premierleague.com/premierleague25/photos/players/110x140/477064.png,2,2627
396,616222,Vitor,de Oliveira Nunes dos Reis,Vitor Reis,https://resources.premierleague.com/premierleague25/photos/players/110x140/616222.png,2,2627
397,437730,Antoine,Semenyo,Semenyo,https://resources.premierleague.com/premierleague25/photos/players/110x140/437730.png,3,2627
398,209244,Phil,Foden,Foden,https://resources.premierleague.com/premierleague25/photos/players/110x140/209244.png,3,2627
399,466052,Rayan,Cherki,Cherki,https://resources.premierleague.com/premierleague25/photos/players/110x140/466052.png,3,2627
400,248875,Jérémy,Doku,Doku,https://resources.premierleague.com/premierleague25/photos/players/110x140/248875.png,3,2627
401,438234,Omar,Marmoush,Marmoush,https://resources.premierleague.com/premierleague25/photos/players/110x140/438234.png,4,2627
402,220566,Rodrigo 'Rodri',Hernandez Cascante,Rodrigo,https://resources.premierleague.com/premierleague25/photos/players/110x140/220566.png,3,2627
403,510281,Sávio,Moreira de Oliveira,Savinho,https://resources.premierleague.com/premierleague25/photos/players/110x140/510281.png,3,2627
404,433036,Tijjani,Reijnders,Reijnders,https://resources.premierleague.com/premierleague25/photos/players/110x140/433036.png,3,2627
405,465694,Nico,González Iglesias,N.Gonzalez,https://resources.premierleague.com/premierleague25/photos/players/110x140/465694.png,3,2627
406,91651,Mateo,Kovačić,Kovačić,https://resources.premierleague.com/premierleague25/photos/players/110x140/91651.png,3,2627
407,575204,Claudio,Echeverri,Echeverri,https://resources.premierleague.com/premierleague25/photos/players/110x140/575204.png,3,2627
408,155405,Kalvin,Phillips,Phillips,https://resources.premierleague.com/premierleague25/photos/players/110x140/155405.png,3,2627
409,590039,Divine,Mukasa,Mukasa,https://resources.premierleague.com/premierleague25/photos/players/110x140/590039.png,3,2627
410,649208,Jeremy,Monga,Monga,https://resources.premierleague.com/premierleague25/photos/players/110x140/649208.png,3,2627
411,223094,Erling,Haaland,Haaland,https://resources.premierleague.com/premierleague25/photos/players/110x140/223094.png,4,2627
481,215379,Elliot,Anderson,Anderson,https://resources.premierleague.com/premierleague25/photos/players/110x140/215379.png,3,2627
43,166989,Youri,Tielemans,Tielemans,https://resources.premierleague.com/premierleague25/photos/players/110x140/166989.png,3,2627
162,532605,Andrey,Nascimento dos Santos,Andrey Santos,https://resources.premierleague.com/premierleague25/photos/players/110x140/532605.png,3,2627
325,59735,Karl,Darlow,Darlow,https://resources.premierleague.com/premierleague25/photos/players/110x140/59735.png,1,2627
412,465247,Senne,Lammens,Lammens,https://resources.premierleague.com/premierleague25/photos/players/110x140/465247.png,1,2627
413,451302,Altay,Bayındır,Bayindir,https://resources.premierleague.com/premierleague25/photos/players/110x140/451302.png,1,2627
414,21205,Tom,Heaton,Heaton,https://resources.premierleague.com/premierleague25/photos/players/110x140/21205.png,1,2627
415,596777,Patrick,Dorgu,Dorgu,https://resources.premierleague.com/premierleague25/photos/players/110x140/596777.png,3,2627
416,209365,Matthijs,de Ligt,De Ligt,https://resources.premierleague.com/premierleague25/photos/players/110x140/209365.png,2,2627
417,216051,Diogo,Dalot Teixeira,Dalot,https://resources.premierleague.com/premierleague25/photos/players/110x140/216051.png,2,2627
418,95658,Harry,Maguire,Maguire,https://resources.premierleague.com/premierleague25/photos/players/110x140/95658.png,2,2627
419,221820,Lisandro,Martínez,Martinez,https://resources.premierleague.com/premierleague25/photos/players/110x140/221820.png,2,2627
420,550864,Leny,Yoro,Yoro,https://resources.premierleague.com/premierleague25/photos/players/110x140/550864.png,2,2627
421,606745,Ayden,Heaven,Heaven,https://resources.premierleague.com/premierleague25/photos/players/110x140/606745.png,2,2627
422,230001,Noussair,Mazraoui,Mazraoui,https://resources.premierleague.com/premierleague25/photos/players/110x140/230001.png,2,2627
423,106760,Luke,Shaw,Shaw,https://resources.premierleague.com/premierleague25/photos/players/110x140/106760.png,2,2627
424,577974,Harry,Amass,Amass,https://resources.premierleague.com/premierleague25/photos/players/110x140/577974.png,2,2627
425,547676,Tyler,Fredricson,Fredricson,https://resources.premierleague.com/premierleague25/photos/players/110x140/547676.png,2,2627
426,141746,Bruno,Borges Fernandes,B.Fernandes,https://resources.premierleague.com/premierleague25/photos/players/110x140/141746.png,3,2627
427,446008,Bryan,Mbeumo,Mbeumo,https://resources.premierleague.com/premierleague25/photos/players/110x140/446008.png,3,2627
428,430871,Matheus,Santos Carneiro da Cunha,Cunha,https://resources.premierleague.com/premierleague25/photos/players/110x140/430871.png,3,2627
429,176297,Marcus,Rashford,Rashford,https://resources.premierleague.com/premierleague25/photos/players/110x140/176297.png,3,2627
430,184341,Mason,Mount,Mount,https://resources.premierleague.com/premierleague25/photos/players/110x140/184341.png,3,2627
431,493250,Amad,Diallo,Amad,https://resources.premierleague.com/premierleague25/photos/players/110x140/493250.png,3,2627
432,516895,Kobbie,Mainoo,Mainoo,https://resources.premierleague.com/premierleague25/photos/players/110x140/516895.png,3,2627
433,232112,Manuel,Ugarte Ribeiro,Ugarte,https://resources.premierleague.com/premierleague25/photos/players/110x140/232112.png,3,2627
434,547037,Jack,Fletcher,J.Fletcher,https://resources.premierleague.com/premierleague25/photos/players/110x140/547037.png,3,2627
435,576628,Shea,Lacey,Lacey,https://resources.premierleague.com/premierleague25/photos/players/110x140/576628.png,3,2627
436,490881,Toby,Collyer,Collyer,https://resources.premierleague.com/premierleague25/photos/players/110x140/490881.png,3,2627
437,576620,Bendito,Mantato,Bendito Mantato,https://resources.premierleague.com/premierleague25/photos/players/110x140/576620.png,3,2627
438,519913,Tyler,Fletcher,Fletcher,https://resources.premierleague.com/premierleague25/photos/players/110x140/519913.png,3,2627
439,485711,Benjamin,Sesko,Šeško,https://resources.premierleague.com/premierleague25/photos/players/110x140/485711.png,4,2627
440,458249,Joshua,Zirkzee,Zirkzee,https://resources.premierleague.com/premierleague25/photos/players/110x140/458249.png,4,2627
441,596047,Chido,Obi,Obi,https://resources.premierleague.com/premierleague25/photos/players/110x140/596047.png,4,2627
442,98747,Nick,Pope,Pope,https://resources.premierleague.com/premierleague25/photos/players/110x140/98747.png,1,2627
443,81441,Mark,Gillespie,Gillespie,https://resources.premierleague.com/premierleague25/photos/players/110x140/81441.png,1,2627
444,554578,Ewen,Jaouen,Jaouen,https://resources.premierleague.com/premierleague25/photos/players/110x140/554578.png,1,2627
445,465642,Malick,Thiaw,Thiaw,https://resources.premierleague.com/premierleague25/photos/players/110x140/465642.png,2,2627
446,119471,Fabian,Schär,Schär,https://resources.premierleague.com/premierleague25/photos/players/110x140/119471.png,2,2627
447,220237,Sven,Botman,Botman,https://resources.premierleague.com/premierleague25/photos/players/110x140/220237.png,2,2627
448,78916,Dan,Burn,Burn,https://resources.premierleague.com/premierleague25/photos/players/110x140/78916.png,2,2627
449,487838,Lewis,Hall,Hall,https://resources.premierleague.com/premierleague25/photos/players/110x140/487838.png,2,2627
450,441191,Tino,Livramento,Livramento,https://resources.premierleague.com/premierleague25/photos/players/110x140/441191.png,2,2627
451,545477,Alex,Murphy,A.Murphy,https://resources.premierleague.com/premierleague25/photos/players/110x140/545477.png,2,2627
452,208706,Bruno,Guimarães Rodriguez Moura,Bruno G.,https://resources.premierleague.com/premierleague25/photos/players/110x140/208706.png,3,2627
453,201666,Harvey,Barnes,Barnes,https://resources.premierleague.com/premierleague25/photos/players/110x140/201666.png,3,2627
454,449434,Anthony,Elanga,Elanga,https://resources.premierleague.com/premierleague25/photos/players/110x140/449434.png,3,2627
456,232653,Jacob,Ramsey,J.Ramsey,https://resources.premierleague.com/premierleague25/photos/players/110x140/232653.png,3,2627
457,114243,Jacob,Murphy,J.Murphy,https://resources.premierleague.com/premierleague25/photos/players/110x140/114243.png,3,2627
458,180974,Joelinton Cássio,Apolinário de Lira,Joelinton,https://resources.premierleague.com/premierleague25/photos/players/110x140/180974.png,3,2627
459,547719,Lewis,Miley,L.Miley,https://resources.premierleague.com/premierleague25/photos/players/110x140/547719.png,3,2627
460,200089,Joe,Willock,Willock,https://resources.premierleague.com/premierleague25/photos/players/110x140/200089.png,3,2627
461,611665,Bazoumana,Touré,Touré,https://resources.premierleague.com/premierleague25/photos/players/110x140/611665.png,3,2627
462,636852,Sean,Steur,Steur,https://resources.premierleague.com/premierleague25/photos/players/110x140/636852.png,3,2627
463,470313,Nick,Woltemade,Woltemade,https://resources.premierleague.com/premierleague25/photos/players/110x140/470313.png,4,2627
464,216646,Yoane,Wissa,Wissa,https://resources.premierleague.com/premierleague25/photos/players/110x140/216646.png,4,2627
465,538207,William,Osula,Osula,https://resources.premierleague.com/premierleague25/photos/players/110x140/538207.png,4,2627
466,599303,Sean,Neave,Neave,https://resources.premierleague.com/premierleague25/photos/players/110x140/599303.png,4,2627
467,85633,Matz,Sels,Sels,https://resources.premierleague.com/premierleague25/photos/players/110x140/85633.png,1,2627
468,221389,John Victor,Maciel Furtado,John,https://resources.premierleague.com/premierleague25/photos/players/110x140/221389.png,1,2627
469,215136,Neco,Williams,N.Williams,https://resources.premierleague.com/premierleague25/photos/players/110x140/215136.png,2,2627
470,485047,Felipe,Rodrigues da Silva,Morato,https://resources.premierleague.com/premierleague25/photos/players/110x140/485047.png,2,2627
471,227444,Nikola,Milenković,Milenković,https://resources.premierleague.com/premierleague25/photos/players/110x140/227444.png,2,2627
472,575476,Murillo,Costa dos Santos,Murillo,https://resources.premierleague.com/premierleague25/photos/players/110x140/575476.png,2,2627
473,159506,Ola,Aina,Aina,https://resources.premierleague.com/premierleague25/photos/players/110x140/159506.png,2,2627
474,575458,Jair,Paula da Cunha Filho,Jair Cunha,https://resources.premierleague.com/premierleague25/photos/players/110x140/575458.png,2,2627
475,500151,Nicolò,Savona,Savona,https://resources.premierleague.com/premierleague25/photos/players/110x140/500151.png,2,2627
476,204822,Omar,Richards,O.Richards,https://resources.premierleague.com/premierleague25/photos/players/110x140/204822.png,2,2627
477,549067,Zach,Abbott,Abbott,https://resources.premierleague.com/premierleague25/photos/players/110x140/549067.png,2,2627
478,470315,Luca,Netz,Netz,https://resources.premierleague.com/premierleague25/photos/players/110x140/470315.png,2,2627
479,538638,Tyler,Bindon,Bindon,https://resources.premierleague.com/premierleague25/photos/players/110x140/538638.png,2,2627
480,222531,Morgan,Gibbs-White,Gibbs-White,https://resources.premierleague.com/premierleague25/photos/players/110x140/222531.png,3,2627
482,209046,Callum,Hudson-Odoi,Hudson-Odoi,https://resources.premierleague.com/premierleague25/photos/players/110x140/209046.png,3,2627
483,456512,Dan,Ndoye,Ndoye,https://resources.premierleague.com/premierleague25/photos/players/110x140/456512.png,3,2627
484,503301,Omari,Hutchinson,Hutchinson,https://resources.premierleague.com/premierleague25/photos/players/110x140/503301.png,3,2627
485,476887,Dilane,Bakwa,Bakwa,https://resources.premierleague.com/premierleague25/photos/players/110x140/476887.png,3,2627
486,432714,James,McAtee,McAtee,https://resources.premierleague.com/premierleague25/photos/players/110x140/432714.png,3,2627
487,250199,Nicolás,Domínguez,Dominguez,https://resources.premierleague.com/premierleague25/photos/players/110x140/250199.png,3,2627
488,210462,Ibrahim,Sangaré,Sangaré,https://resources.premierleague.com/premierleague25/photos/players/110x140/210462.png,3,2627
489,204968,Ryan,Yates,Yates,https://resources.premierleague.com/premierleague25/photos/players/110x140/204968.png,3,2627
490,60689,Chris,Wood,Wood,https://resources.premierleague.com/premierleague25/photos/players/110x140/60689.png,4,2627
491,482973,Igor Jesus,Maciel da Cruz,Igor Jesus,https://resources.premierleague.com/premierleague25/photos/players/110x140/482973.png,4,2627
492,210156,Taiwo,Awoniyi,Awoniyi,https://resources.premierleague.com/premierleague25/photos/players/110x140/210156.png,4,2627
493,465680,Arnaud,Kalimuendo,Kalimuendo,https://resources.premierleague.com/premierleague25/photos/players/110x140/465680.png,4,2627
112,469142,Jan Paul,van Hecke,Van Hecke,https://resources.premierleague.com/premierleague25/photos/players/110x140/469142.png,2,2627
455,432422,Sandro,Tonali,Tonali,https://resources.premierleague.com/premierleague25/photos/players/110x140/432422.png,3,2627
494,184254,Guglielmo,Vicario,Vicario,https://resources.premierleague.com/premierleague25/photos/players/110x140/184254.png,1,2627
495,214572,Brandon,Austin,Austin,https://resources.premierleague.com/premierleague25/photos/players/110x140/214572.png,1,2627
496,485055,Antonín,Kinský,Kinsky,https://resources.premierleague.com/premierleague25/photos/players/110x140/485055.png,1,2627
497,67089,Martin,Dubravka,Dubravka,https://resources.premierleague.com/premierleague25/photos/players/110x140/67089.png,1,2627
498,221466,Marcos,Senesi Barón,Senesi,https://resources.premierleague.com/premierleague25/photos/players/110x140/221466.png,2,2627
499,441164,Pedro,Porro Sauceda,Pedro Porro,https://resources.premierleague.com/premierleague25/photos/players/110x140/441164.png,2,2627
500,221632,Cristian,Romero,Romero,https://resources.premierleague.com/premierleague25/photos/players/110x140/221632.png,2,2627
501,135720,Kevin,Danso,Danso,https://resources.premierleague.com/premierleague25/photos/players/110x140/135720.png,2,2627
502,122798,Andrew,Robertson,Robertson,https://resources.premierleague.com/premierleague25/photos/players/110x140/122798.png,2,2627
503,491279,Micky,van de Ven,Van de Ven,https://resources.premierleague.com/premierleague25/photos/players/110x140/491279.png,2,2627
505,232859,Djed,Spence,Spence,https://resources.premierleague.com/premierleague25/photos/players/110x140/232859.png,2,2627
506,487053,Destiny,Udogie,Udogie,https://resources.premierleague.com/premierleague25/photos/players/110x140/487053.png,2,2627
507,548308,Ashley,Phillips,Phillips,https://resources.premierleague.com/premierleague25/photos/players/110x140/548308.png,2,2627
508,115556,Ben,Davies,Davies,https://resources.premierleague.com/premierleague25/photos/players/110x140/115556.png,2,2627
509,640419,Jun'ai,Byfield,Byfield,https://resources.premierleague.com/premierleague25/photos/players/110x140/640419.png,2,2627
510,499716,James,Rowswell,Rowswell,https://resources.premierleague.com/premierleague25/photos/players/110x140/499716.png,2,2627
511,616221,João Victor,de Souza Menezes,Souza,https://resources.premierleague.com/premierleague25/photos/players/110x140/616221.png,2,2627
512,460842,Mohammed,Kudus,Kudus,https://resources.premierleague.com/premierleague25/photos/players/110x140/460842.png,3,2627
513,493362,Xavi,Simons,Xavi,https://resources.premierleague.com/premierleague25/photos/players/110x140/493362.png,3,2627
514,511499,Mathys,Tel,Tel,https://resources.premierleague.com/premierleague25/photos/players/110x140/511499.png,3,2627
515,172780,James,Maddison,Maddison,https://resources.premierleague.com/premierleague25/photos/players/110x140/172780.png,3,2627
516,202993,Rodrigo,Bentancur,Bentancur,https://resources.premierleague.com/premierleague25/photos/players/110x140/202993.png,3,2627
517,550839,Wilson,Odobert,Odobert,https://resources.premierleague.com/premierleague25/photos/players/110x140/550839.png,3,2627
518,482442,Pape Matar,Sarr,P.M.Sarr,https://resources.premierleague.com/premierleague25/photos/players/110x140/482442.png,3,2627
519,232787,Conor,Gallagher,Gallagher,https://resources.premierleague.com/premierleague25/photos/players/110x140/232787.png,3,2627
520,570526,Lucas,Bergvall,Bergvall,https://resources.premierleague.com/premierleague25/photos/players/110x140/570526.png,3,2627
521,445044,Dejan,Kulusevski,Kulusevski,https://resources.premierleague.com/premierleague25/photos/players/110x140/445044.png,3,2627
522,547701,Archie,Gray,Gray,https://resources.premierleague.com/premierleague25/photos/players/110x140/547701.png,3,2627
523,499721,Mikey,Moore,Moore,https://resources.premierleague.com/premierleague25/photos/players/110x140/499721.png,3,2627
524,499726,Callum,Olusesi,Olusesi,https://resources.premierleague.com/premierleague25/photos/players/110x140/499726.png,3,2627
525,551226,Mateus,Fernandes,Fernandes,https://resources.premierleague.com/premierleague25/photos/players/110x140/551226.png,3,2627
526,154566,Dominic,Solanke-Mitchell,Solanke,https://resources.premierleague.com/premierleague25/photos/players/110x140/154566.png,4,2627
527,212319,Richarlison,de Andrade,Richarlison,https://resources.premierleague.com/premierleague25/photos/players/110x140/212319.png,4,2627
528,490145,Dane,Scarlett,Scarlett,https://resources.premierleague.com/premierleague25/photos/players/110x140/490145.png,4,2627
529,498016,Robin,Roefs,Roefs,https://resources.premierleague.com/premierleague25/photos/players/110x140/498016.png,1,2627
530,232571,Anthony,Patterson,Patterson,https://resources.premierleague.com/premierleague25/photos/players/110x140/232571.png,1,2627
531,515046,Melker,Ellborg,Ellborg,https://resources.premierleague.com/premierleague25/photos/players/110x140/515046.png,1,2627
532,223827,Daniel,Ballard,Ballard,https://resources.premierleague.com/premierleague25/photos/players/110x140/223827.png,2,2627
533,200834,Nordi,Mukiele,Mukiele,https://resources.premierleague.com/premierleague25/photos/players/110x140/200834.png,2,2627
534,487676,Trai,Hume,Hume,https://resources.premierleague.com/premierleague25/photos/players/110x140/487676.png,2,2627
535,201895,Omar,Alderete,Alderete,https://resources.premierleague.com/premierleague25/photos/players/110x140/201895.png,2,2627
536,434399,Reinildo,Mandava,Reinildo,https://resources.premierleague.com/premierleague25/photos/players/110x140/434399.png,2,2627
537,519634,Jenson,Seelt,Seelt,https://resources.premierleague.com/premierleague25/photos/players/110x140/519634.png,2,2627
538,477547,Leo Fuhr,Hjelde,Hjelde,https://resources.premierleague.com/premierleague25/photos/players/110x140/477547.png,2,2627
539,167512,Luke,O'Nien,O'Nien,https://resources.premierleague.com/premierleague25/photos/players/110x140/167512.png,2,2627
540,105717,Arthur,Masuaku,Masuaku,https://resources.premierleague.com/premierleague25/photos/players/110x140/105717.png,2,2627
541,93605,Thomas,Meunier,Meunier,https://resources.premierleague.com/premierleague25/photos/players/110x140/93605.png,2,2627
542,484420,Enzo,Le Fée,E.Le Fée,https://resources.premierleague.com/premierleague25/photos/players/110x140/484420.png,3,2627
543,547027,Habib,Diarra,Diarra,https://resources.premierleague.com/premierleague25/photos/players/110x140/547027.png,3,2627
544,84450,Granit,Xhaka,Xhaka,https://resources.premierleague.com/premierleague25/photos/players/110x140/84450.png,3,2627
545,577669,Noah,Sadiki,Sadiki,https://resources.premierleague.com/premierleague25/photos/players/110x140/577669.png,3,2627
546,535818,Simon,Adingra,Adingra,https://resources.premierleague.com/premierleague25/photos/players/110x140/535818.png,3,2627
547,461199,Romaine,Mundle,Mundle,https://resources.premierleague.com/premierleague25/photos/players/110x140/461199.png,3,2627
548,554197,Chris,Rigg,Rigg,https://resources.premierleague.com/premierleague25/photos/players/110x140/554197.png,3,2627
549,549912,Chemsdine,Talbi,Talbi,https://resources.premierleague.com/premierleague25/photos/players/110x140/549912.png,3,2627
550,699989,Djiamgone Jocelin Ta,Bi,Jocelin.T,https://resources.premierleague.com/premierleague25/photos/players/110x140/699989.png,3,2627
551,536661,Nilson,Angulo,Angulo,https://resources.premierleague.com/premierleague25/photos/players/110x140/536661.png,3,2627
552,441264,Brian,Brobbey,Brobbey,https://resources.premierleague.com/premierleague25/photos/players/110x140/441264.png,4,2627
553,437505,Wilson,Isidor,Isidor,https://resources.premierleague.com/premierleague25/photos/players/110x140/437505.png,4,2627
